match_id,season,start_date,venue,innings,ball,batting_team,bowling_team,striker,non_striker,bowler,runs_off_bat,extras,wides,noballs,byes,legbyes,penalty,wicket_type,player_dismissed,other_wicket_type,other_player_dismissed
1384433,2023/24,10-11-2023,"Narendra Modi Stadium, Ahmedabad",1,0.1,Afghanistan,South Africa,Rahmanullah Gurbaz,Ibrahim Zadran,K Rabada,0,0,,,,,,,,,
1384433,2023/24,10-11-2023,"Narendra Modi Stadium, Ahmedabad",1,0.2,Afghanistan,South Africa,Rahmanullah Gurbaz,Ibrahim Zadran,K Rabada,0,0,,,,,,,,,
1384433,2023/24,10-11-2023,"Narendra Modi Stadium, Ahmedabad",1,0.3,Afghanistan,South Africa,Rahmanullah Gurbaz,Ibrahim Zadran,K Rabada,1,0,,,,,,,,,
1384433,2023/24,10-11-2023,"Narendra Modi Stadium, Ahmedabad",1,0.4,Afghanistan,South Africa,Ibrahim Zadran,Rahmanullah Gurbaz,K Rabada,0,0,,,,,,,,,
1384433,2023/24,10-11-2023,"Narendra Modi Stadium, Ahmedabad",1,0.5,Afghanistan,South Africa,Ibrahim Zadran,Rahmanullah Gurbaz,K Rabada,4,0,,,,,,,,,
1384433,2023/24,10-11-2023,"Narendra Modi Stadium, Ahmedabad",1,0.6,Afghanistan,South Africa,Ibrahim Zadran,Rahmanullah Gurbaz,K Rabada,1,0,,,,,,,,,
1384433,2023/24,10-11-2023,"Narendra Modi Stadium, Ahmedabad",1,1.1,Afghanistan,South Africa,Ibrahim Zadran,Rahmanullah Gurbaz,L Ngidi,0,0,,,,,,,,,
1384433,2023/24,10-11-2023,"Narendra Modi Stadium, Ahmedabad",1,1.2,Afghanistan,South Africa,Ibrahim Zadran,Rahmanullah Gurbaz,L Ngidi,0,0,,,,,,,,,
1384433,2023/24,10-11-2023,"Narendra Modi Stadium, Ahmedabad",1,1.3,Afghanistan,South Africa,Ibrahim Zadran,Rahmanullah Gurbaz,L Ngidi,4,0,,,,,,,,,
1384433,2023/24,10-11-2023,"Narendra Modi Stadium, Ahmedabad",1,1.4,Afghanistan,South Africa,Ibrahim Zadran,Rahmanullah Gurbaz,L Ngidi,0,0,,,,,,,,,
1384433,2023/24,10-11-2023,"Narendra Modi Stadium, Ahmedabad",1,1.5,Afghanistan,South Africa,Ibrahim Zadran,Rahmanullah Gurbaz,L Ngidi,2,0,,,,,,,,,
1384433,2023/24,10-11-2023,"Narendra Modi Stadium, Ahmedabad",1,1.6,Afghanistan,South Africa,Ibrahim Zadran,Rahmanullah Gurbaz,L Ngidi,0,0,,,,,,,,,
1384433,2023/24,10-11-2023,"Narendra Modi Stadium, Ahmedabad",1,2.1,Afghanistan,South Africa,Rahmanullah Gurbaz,Ibrahim Zadran,K Rabada,1,0,,,,,,,,,
1384433,2023/24,10-11-2023,"Narendra Modi Stadium, Ahmedabad",1,2.2,Afghanistan,South Africa,Ibrahim Zadran,Rahmanullah Gurbaz,K Rabada,0,0,,,,,,,,,
1384433,2023/24,10-11-2023,"Narendra Modi Stadium, Ahmedabad",1,2.3,Afghanistan,South Africa,Ibrahim Zadran,Rahmanullah Gurbaz,K Rabada,0,0,,,,,,,,,
1384433,2023/24,10-11-2023,"Narendra Modi Stadium, Ahmedabad",1,2.4,Afghanistan,South Africa,Ibrahim Zadran,Rahmanullah Gurbaz,K Rabada,0,0,,,,,,,,,
1384433,2023/24,10-11-2023,"Narendra Modi Stadium, Ahmedabad",1,2.5,Afghanistan,South Africa,Ibrahim Zadran,Rahmanullah Gurbaz,K Rabada,0,0,,,,,,,,,
1384433,2023/24,10-11-2023,"Narendra Modi Stadium, Ahmedabad",1,2.6,Afghanistan,South Africa,Ibrahim Zadran,Rahmanullah Gurbaz,K Rabada,0,0,,,,,,,,,
1384433,2023/24,10-11-2023,"Narendra Modi Stadium, Ahmedabad",1,3.1,Afghanistan,South Africa,Rahmanullah Gurbaz,Ibrahim Zadran,L Ngidi,1,0,,,,,,,,,
1384433,2023/24,10-11-2023,"Narendra Modi Stadium, Ahmedabad",1,3.2,Afghanistan,South Africa,Ibrahim Zadran,Rahmanullah Gurbaz,L Ngidi,0,0,,,,,,,,,
1384433,2023/24,10-11-2023,"Narendra Modi Stadium, Ahmedabad",1,3.3,Afghanistan,South Africa,Ibrahim Zadran,Rahmanullah Gurbaz,L Ngidi,0,0,,,,,,,,,
1384433,2023/24,10-11-2023,"Narendra Modi Stadium, Ahmedabad",1,3.4,Afghanistan,South Africa,Ibrahim Zadran,Rahmanullah Gurbaz,L Ngidi,0,0,,,,,,,,,
1384433,2023/24,10-11-2023,"Narendra Modi Stadium, Ahmedabad",1,3.5,Afghanistan,South Africa,Ibrahim Zadran,Rahmanullah Gurbaz,L Ngidi,0,0,,,,,,,,,
1384433,2023/24,10-11-2023,"Narendra Modi Stadium, Ahmedabad",1,3.6,Afghanistan,South Africa,Ibrahim Zadran,Rahmanullah Gurbaz,L Ngidi,4,0,,,,,,,,,
1384433,2023/24,10-11-2023,"Narendra Modi Stadium, Ahmedabad",1,4.1,Afghanistan,South Africa,Rahmanullah Gurbaz,Ibrahim Zadran,K Rabada,6,0,,,,,,,,,
1384433,2023/24,10-11-2023,"Narendra Modi Stadium, Ahmedabad",1,4.2,Afghanistan,South Africa,Rahmanullah Gurbaz,Ibrahim Zadran,K Rabada,0,0,,,,,,,,,
1384433,2023/24,10-11-2023,"Narendra Modi Stadium, Ahmedabad",1,4.3,Afghanistan,South Africa,Rahmanullah Gurbaz,Ibrahim Zadran,K Rabada,0,0,,,,,,,,,
1384433,2023/24,10-11-2023,"Narendra Modi Stadium, Ahmedabad",1,4.4,Afghanistan,South Africa,Rahmanullah Gurbaz,Ibrahim Zadran,K Rabada,0,0,,,,,,,,,
1384433,2023/24,10-11-2023,"Narendra Modi Stadium, Ahmedabad",1,4.5,Afghanistan,South Africa,Rahmanullah Gurbaz,Ibrahim Zadran,K Rabada,0,0,,,,,,,,,
1384433,2023/24,10-11-2023,"Narendra Modi Stadium, Ahmedabad",1,4.6,Afghanistan,South Africa,Rahmanullah Gurbaz,Ibrahim Zadran,K Rabada,0,0,,,,,,,,,
1384433,2023/24,10-11-2023,"Narendra Modi Stadium, Ahmedabad",1,5.1,Afghanistan,South Africa,Ibrahim Zadran,Rahmanullah Gurbaz,L Ngidi,0,0,,,,,,,,,
1384433,2023/24,10-11-2023,"Narendra Modi Stadium, Ahmedabad",1,5.2,Afghanistan,South Africa,Ibrahim Zadran,Rahmanullah Gurbaz,L Ngidi,0,1,1,,,,,,,,
1384433,2023/24,10-11-2023,"Narendra Modi Stadium, Ahmedabad",1,5.3,Afghanistan,South Africa,Ibrahim Zadran,Rahmanullah Gurbaz,L Ngidi,0,0,,,,,,,,,
1384433,2023/24,10-11-2023,"Narendra Modi Stadium, Ahmedabad",1,5.4,Afghanistan,South Africa,Ibrahim Zadran,Rahmanullah Gurbaz,L Ngidi,0,0,,,,,,,,,
1384433,2023/24,10-11-2023,"Narendra Modi Stadium, Ahmedabad",1,5.5,Afghanistan,South Africa,Ibrahim Zadran,Rahmanullah Gurbaz,AK Markram,0,0,,,,,,,,,
1384433,2023/24,10-11-2023,"Narendra Modi Stadium, Ahmedabad",1,5.6,Afghanistan,South Africa,Ibrahim Zadran,Rahmanullah Gurbaz,AK Markram,0,0,,,,,,,,,
1384433,2023/24,10-11-2023,"Narendra Modi Stadium, Ahmedabad",1,5.7,Afghanistan,South Africa,Ibrahim Zadran,Rahmanullah Gurbaz,AK Markram,0,0,,,,,,,,,
1384433,2023/24,10-11-2023,"Narendra Modi Stadium, Ahmedabad",1,6.1,Afghanistan,South Africa,Rahmanullah Gurbaz,Ibrahim Zadran,K Rabada,0,0,,,,,,,,,
1384433,2023/24,10-11-2023,"Narendra Modi Stadium, Ahmedabad",1,6.2,Afghanistan,South Africa,Rahmanullah Gurbaz,Ibrahim Zadran,K Rabada,0,0,,,,,,,,,
1384433,2023/24,10-11-2023,"Narendra Modi Stadium, Ahmedabad",1,6.3,Afghanistan,South Africa,Rahmanullah Gurbaz,Ibrahim Zadran,K Rabada,0,0,,,,,,,,,
1384433,2023/24,10-11-2023,"Narendra Modi Stadium, Ahmedabad",1,6.4,Afghanistan,South Africa,Rahmanullah Gurbaz,Ibrahim Zadran,K Rabada,4,0,,,,,,,,,
1384433,2023/24,10-11-2023,"Narendra Modi Stadium, Ahmedabad",1,6.5,Afghanistan,South Africa,Rahmanullah Gurbaz,Ibrahim Zadran,K Rabada,1,0,,,,,,,,,
1384433,2023/24,10-11-2023,"Narendra Modi Stadium, Ahmedabad",1,6.6,Afghanistan,South Africa,Ibrahim Zadran,Rahmanullah Gurbaz,K Rabada,0,0,,,,,,,,,
1384433,2023/24,10-11-2023,"Narendra Modi Stadium, Ahmedabad",1,7.1,Afghanistan,South Africa,Rahmanullah Gurbaz,Ibrahim Zadran,G Coetzee,0,0,,,,,,,,,
1384433,2023/24,10-11-2023,"Narendra Modi Stadium, Ahmedabad",1,7.2,Afghanistan,South Africa,Rahmanullah Gurbaz,Ibrahim Zadran,G Coetzee,4,0,,,,,,,,,
1384433,2023/24,10-11-2023,"Narendra Modi Stadium, Ahmedabad",1,7.3,Afghanistan,South Africa,Rahmanullah Gurbaz,Ibrahim Zadran,G Coetzee,0,0,,,,,,,,,
1384433,2023/24,10-11-2023,"Narendra Modi Stadium, Ahmedabad",1,7.4,Afghanistan,South Africa,Rahmanullah Gurbaz,Ibrahim Zadran,G Coetzee,4,0,,,,,,,,,
1384433,2023/24,10-11-2023,"Narendra Modi Stadium, Ahmedabad",1,7.5,Afghanistan,South Africa,Rahmanullah Gurbaz,Ibrahim Zadran,G Coetzee,3,0,,,,,,,,,
1384433,2023/24,10-11-2023,"Narendra Modi Stadium, Ahmedabad",1,7.6,Afghanistan,South Africa,Ibrahim Zadran,Rahmanullah Gurbaz,G Coetzee,0,0,,,,,,,,,
1384433,2023/24,10-11-2023,"Narendra Modi Stadium, Ahmedabad",1,8.1,Afghanistan,South Africa,Rahmanullah Gurbaz,Ibrahim Zadran,KA Maharaj,0,0,,,,,,caught,Rahmanullah Gurbaz,,
1384433,2023/24,10-11-2023,"Narendra Modi Stadium, Ahmedabad",1,8.2,Afghanistan,South Africa,Rahmat Shah,Ibrahim Zadran,KA Maharaj,0,0,,,,,,,,,
1384433,2023/24,10-11-2023,"Narendra Modi Stadium, Ahmedabad",1,8.3,Afghanistan,South Africa,Rahmat Shah,Ibrahim Zadran,KA Maharaj,0,0,,,,,,,,,
1384433,2023/24,10-11-2023,"Narendra Modi Stadium, Ahmedabad",1,8.4,Afghanistan,South Africa,Rahmat Shah,Ibrahim Zadran,KA Maharaj,0,0,,,,,,,,,
1384433,2023/24,10-11-2023,"Narendra Modi Stadium, Ahmedabad",1,8.5,Afghanistan,South Africa,Rahmat Shah,Ibrahim Zadran,KA Maharaj,0,0,,,,,,,,,
1384433,2023/24,10-11-2023,"Narendra Modi Stadium, Ahmedabad",1,8.6,Afghanistan,South Africa,Rahmat Shah,Ibrahim Zadran,KA Maharaj,0,0,,,,,,,,,
1384433,2023/24,10-11-2023,"Narendra Modi Stadium, Ahmedabad",1,9.1,Afghanistan,South Africa,Ibrahim Zadran,Rahmat Shah,G Coetzee,0,0,,,,,,,,,
1384433,2023/24,10-11-2023,"Narendra Modi Stadium, Ahmedabad",1,9.2,Afghanistan,South Africa,Ibrahim Zadran,Rahmat Shah,G Coetzee,0,0,,,,,,,,,
1384433,2023/24,10-11-2023,"Narendra Modi Stadium, Ahmedabad",1,9.3,Afghanistan,South Africa,Ibrahim Zadran,Rahmat Shah,G Coetzee,0,0,,,,,,caught,Ibrahim Zadran,,
1384433,2023/24,10-11-2023,"Narendra Modi Stadium, Ahmedabad",1,9.4,Afghanistan,South Africa,Hashmatullah Shahidi,Rahmat Shah,G Coetzee,0,0,,,,,,,,,
1384433,2023/24,10-11-2023,"Narendra Modi Stadium, Ahmedabad",1,9.5,Afghanistan,South Africa,Hashmatullah Shahidi,Rahmat Shah,G Coetzee,0,0,,,,,,,,,
1384433,2023/24,10-11-2023,"Narendra Modi Stadium, Ahmedabad",1,9.6,Afghanistan,South Africa,Hashmatullah Shahidi,Rahmat Shah,G Coetzee,0,0,,,,,,,,,
1384433,2023/24,10-11-2023,"Narendra Modi Stadium, Ahmedabad",1,10.1,Afghanistan,South Africa,Rahmat Shah,Hashmatullah Shahidi,KA Maharaj,1,0,,,,,,,,,
1384433,2023/24,10-11-2023,"Narendra Modi Stadium, Ahmedabad",1,10.2,Afghanistan,South Africa,Hashmatullah Shahidi,Rahmat Shah,KA Maharaj,0,1,1,,,,,,,,
1384433,2023/24,10-11-2023,"Narendra Modi Stadium, Ahmedabad",1,10.3,Afghanistan,South Africa,Hashmatullah Shahidi,Rahmat Shah,KA Maharaj,0,0,,,,,,,,,
1384433,2023/24,10-11-2023,"Narendra Modi Stadium, Ahmedabad",1,10.4,Afghanistan,South Africa,Hashmatullah Shahidi,Rahmat Shah,KA Maharaj,0,0,,,,,,,,,
1384433,2023/24,10-11-2023,"Narendra Modi Stadium, Ahmedabad",1,10.5,Afghanistan,South Africa,Hashmatullah Shahidi,Rahmat Shah,KA Maharaj,2,0,,,,,,,,,
1384433,2023/24,10-11-2023,"Narendra Modi Stadium, Ahmedabad",1,10.6,Afghanistan,South Africa,Hashmatullah Shahidi,Rahmat Shah,KA Maharaj,0,0,,,,,,caught,Hashmatullah Shahidi,,
1384433,2023/24,10-11-2023,"Narendra Modi Stadium, Ahmedabad",1,10.7,Afghanistan,South Africa,Azmatullah Omarzai,Rahmat Shah,KA Maharaj,0,0,,,,,,,,,
1384433,2023/24,10-11-2023,"Narendra Modi Stadium, Ahmedabad",1,11.1,Afghanistan,South Africa,Rahmat Shah,Azmatullah Omarzai,G Coetzee,0,0,,,,,,,,,
1384433,2023/24,10-11-2023,"Narendra Modi Stadium, Ahmedabad",1,11.2,Afghanistan,South Africa,Rahmat Shah,Azmatullah Omarzai,G Coetzee,0,0,,,,,,,,,
1384433,2023/24,10-11-2023,"Narendra Modi Stadium, Ahmedabad",1,11.3,Afghanistan,South Africa,Rahmat Shah,Azmatullah Omarzai,G Coetzee,1,0,,,,,,,,,
1384433,2023/24,10-11-2023,"Narendra Modi Stadium, Ahmedabad",1,11.4,Afghanistan,South Africa,Azmatullah Omarzai,Rahmat Shah,G Coetzee,0,0,,,,,,,,,
1384433,2023/24,10-11-2023,"Narendra Modi Stadium, Ahmedabad",1,11.5,Afghanistan,South Africa,Azmatullah Omarzai,Rahmat Shah,G Coetzee,0,0,,,,,,,,,
1384433,2023/24,10-11-2023,"Narendra Modi Stadium, Ahmedabad",1,11.6,Afghanistan,South Africa,Azmatullah Omarzai,Rahmat Shah,G Coetzee,0,0,,,,,,,,,
1384433,2023/24,10-11-2023,"Narendra Modi Stadium, Ahmedabad",1,12.1,Afghanistan,South Africa,Rahmat Shah,Azmatullah Omarzai,KA Maharaj,0,0,,,,,,,,,
1384433,2023/24,10-11-2023,"Narendra Modi Stadium, Ahmedabad",1,12.2,Afghanistan,South Africa,Rahmat Shah,Azmatullah Omarzai,KA Maharaj,0,0,,,,,,,,,
1384433,2023/24,10-11-2023,"Narendra Modi Stadium, Ahmedabad",1,12.3,Afghanistan,South Africa,Rahmat Shah,Azmatullah Omarzai,KA Maharaj,1,0,,,,,,,,,
1384433,2023/24,10-11-2023,"Narendra Modi Stadium, Ahmedabad",1,12.4,Afghanistan,South Africa,Azmatullah Omarzai,Rahmat Shah,KA Maharaj,1,0,,,,,,,,,
1384433,2023/24,10-11-2023,"Narendra Modi Stadium, Ahmedabad",1,12.5,Afghanistan,South Africa,Rahmat Shah,Azmatullah Omarzai,KA Maharaj,0,1,1,,,,,,,,
1384433,2023/24,10-11-2023,"Narendra Modi Stadium, Ahmedabad",1,12.6,Afghanistan,South Africa,Rahmat Shah,Azmatullah Omarzai,KA Maharaj,0,0,,,,,,,,,
1384433,2023/24,10-11-2023,"Narendra Modi Stadium, Ahmedabad",1,12.7,Afghanistan,South Africa,Rahmat Shah,Azmatullah Omarzai,KA Maharaj,2,0,,,,,,,,,
1384433,2023/24,10-11-2023,"Narendra Modi Stadium, Ahmedabad",1,13.1,Afghanistan,South Africa,Azmatullah Omarzai,Rahmat Shah,G Coetzee,1,0,,,,,,,,,
1384433,2023/24,10-11-2023,"Narendra Modi Stadium, Ahmedabad",1,13.2,Afghanistan,South Africa,Rahmat Shah,Azmatullah Omarzai,G Coetzee,1,0,,,,,,,,,
1384433,2023/24,10-11-2023,"Narendra Modi Stadium, Ahmedabad",1,13.3,Afghanistan,South Africa,Azmatullah Omarzai,Rahmat Shah,G Coetzee,0,0,,,,,,,,,
1384433,2023/24,10-11-2023,"Narendra Modi Stadium, Ahmedabad",1,13.4,Afghanistan,South Africa,Azmatullah Omarzai,Rahmat Shah,G Coetzee,0,0,,,,,,,,,
1384433,2023/24,10-11-2023,"Narendra Modi Stadium, Ahmedabad",1,13.5,Afghanistan,South Africa,Azmatullah Omarzai,Rahmat Shah,G Coetzee,0,0,,,,,,,,,
1384433,2023/24,10-11-2023,"Narendra Modi Stadium, Ahmedabad",1,13.6,Afghanistan,South Africa,Azmatullah Omarzai,Rahmat Shah,G Coetzee,0,0,,,,,,,,,
1384433,2023/24,10-11-2023,"Narendra Modi Stadium, Ahmedabad",1,14.1,Afghanistan,South Africa,Rahmat Shah,Azmatullah Omarzai,KA Maharaj,0,0,,,,,,,,,
1384433,2023/24,10-11-2023,"Narendra Modi Stadium, Ahmedabad",1,14.2,Afghanistan,South Africa,Rahmat Shah,Azmatullah Omarzai,KA Maharaj,0,0,,,,,,,,,
1384433,2023/24,10-11-2023,"Narendra Modi Stadium, Ahmedabad",1,14.3,Afghanistan,South Africa,Rahmat Shah,Azmatullah Omarzai,KA Maharaj,1,0,,,,,,,,,
1384433,2023/24,10-11-2023,"Narendra Modi Stadium, Ahmedabad",1,14.4,Afghanistan,South Africa,Azmatullah Omarzai,Rahmat Shah,KA Maharaj,0,0,,,,,,,,,
1384433,2023/24,10-11-2023,"Narendra Modi Stadium, Ahmedabad",1,14.5,Afghanistan,South Africa,Azmatullah Omarzai,Rahmat Shah,KA Maharaj,1,0,,,,,,,,,
1384433,2023/24,10-11-2023,"Narendra Modi Stadium, Ahmedabad",1,14.6,Afghanistan,South Africa,Rahmat Shah,Azmatullah Omarzai,KA Maharaj,1,0,,,,,,,,,
1384433,2023/24,10-11-2023,"Narendra Modi Stadium, Ahmedabad",1,15.1,Afghanistan,South Africa,Rahmat Shah,Azmatullah Omarzai,AK Markram,4,0,,,,,,,,,
1384433,2023/24,10-11-2023,"Narendra Modi Stadium, Ahmedabad",1,15.2,Afghanistan,South Africa,Rahmat Shah,Azmatullah Omarzai,AK Markram,0,0,,,,,,,,,
1384433,2023/24,10-11-2023,"Narendra Modi Stadium, Ahmedabad",1,15.3,Afghanistan,South Africa,Rahmat Shah,Azmatullah Omarzai,AK Markram,1,0,,,,,,,,,
1384433,2023/24,10-11-2023,"Narendra Modi Stadium, Ahmedabad",1,15.4,Afghanistan,South Africa,Azmatullah Omarzai,Rahmat Shah,AK Markram,0,0,,,,,,,,,
1384433,2023/24,10-11-2023,"Narendra Modi Stadium, Ahmedabad",1,15.5,Afghanistan,South Africa,Azmatullah Omarzai,Rahmat Shah,AK Markram,1,0,,,,,,,,,
1384433,2023/24,10-11-2023,"Narendra Modi Stadium, Ahmedabad",1,15.6,Afghanistan,South Africa,Rahmat Shah,Azmatullah Omarzai,AK Markram,0,0,,,,,,,,,
1384433,2023/24,10-11-2023,"Narendra Modi Stadium, Ahmedabad",1,16.1,Afghanistan,South Africa,Azmatullah Omarzai,Rahmat Shah,KA Maharaj,0,0,,,,,,,,,
1384433,2023/24,10-11-2023,"Narendra Modi Stadium, Ahmedabad",1,16.2,Afghanistan,South Africa,Azmatullah Omarzai,Rahmat Shah,KA Maharaj,0,0,,,,,,,,,
1384433,2023/24,10-11-2023,"Narendra Modi Stadium, Ahmedabad",1,16.3,Afghanistan,South Africa,Azmatullah Omarzai,Rahmat Shah,KA Maharaj,0,0,,,,,,,,,
1384433,2023/24,10-11-2023,"Narendra Modi Stadium, Ahmedabad",1,16.4,Afghanistan,South Africa,Azmatullah Omarzai,Rahmat Shah,KA Maharaj,1,0,,,,,,,,,
1384433,2023/24,10-11-2023,"Narendra Modi Stadium, Ahmedabad",1,16.5,Afghanistan,South Africa,Rahmat Shah,Azmatullah Omarzai,KA Maharaj,0,0,,,,,,,,,
1384433,2023/24,10-11-2023,"Narendra Modi Stadium, Ahmedabad",1,16.6,Afghanistan,South Africa,Rahmat Shah,Azmatullah Omarzai,KA Maharaj,1,0,,,,,,,,,
1384433,2023/24,10-11-2023,"Narendra Modi Stadium, Ahmedabad",1,17.1,Afghanistan,South Africa,Rahmat Shah,Azmatullah Omarzai,AK Markram,0,0,,,,,,,,,
1384433,2023/24,10-11-2023,"Narendra Modi Stadium, Ahmedabad",1,17.2,Afghanistan,South Africa,Rahmat Shah,Azmatullah Omarzai,AK Markram,0,0,,,,,,,,,
1384433,2023/24,10-11-2023,"Narendra Modi Stadium, Ahmedabad",1,17.3,Afghanistan,South Africa,Rahmat Shah,Azmatullah Omarzai,AK Markram,1,0,,,,,,,,,
1384433,2023/24,10-11-2023,"Narendra Modi Stadium, Ahmedabad",1,17.4,Afghanistan,South Africa,Azmatullah Omarzai,Rahmat Shah,AK Markram,1,0,,,,,,,,,
1384433,2023/24,10-11-2023,"Narendra Modi Stadium, Ahmedabad",1,17.5,Afghanistan,South Africa,Rahmat Shah,Azmatullah Omarzai,AK Markram,1,0,,,,,,,,,
1384433,2023/24,10-11-2023,"Narendra Modi Stadium, Ahmedabad",1,17.6,Afghanistan,South Africa,Azmatullah Omarzai,Rahmat Shah,AK Markram,1,0,,,,,,,,,
1384433,2023/24,10-11-2023,"Narendra Modi Stadium, Ahmedabad",1,18.1,Afghanistan,South Africa,Azmatullah Omarzai,Rahmat Shah,KA Maharaj,0,0,,,,,,,,,
1384433,2023/24,10-11-2023,"Narendra Modi Stadium, Ahmedabad",1,18.2,Afghanistan,South Africa,Azmatullah Omarzai,Rahmat Shah,KA Maharaj,1,0,,,,,,,,,
1384433,2023/24,10-11-2023,"Narendra Modi Stadium, Ahmedabad",1,18.3,Afghanistan,South Africa,Rahmat Shah,Azmatullah Omarzai,KA Maharaj,0,0,,,,,,,,,
1384433,2023/24,10-11-2023,"Narendra Modi Stadium, Ahmedabad",1,18.4,Afghanistan,South Africa,Rahmat Shah,Azmatullah Omarzai,KA Maharaj,0,0,,,,,,,,,
1384433,2023/24,10-11-2023,"Narendra Modi Stadium, Ahmedabad",1,18.5,Afghanistan,South Africa,Rahmat Shah,Azmatullah Omarzai,KA Maharaj,1,0,,,,,,,,,
1384433,2023/24,10-11-2023,"Narendra Modi Stadium, Ahmedabad",1,18.6,Afghanistan,South Africa,Azmatullah Omarzai,Rahmat Shah,KA Maharaj,0,0,,,,,,,,,
1384433,2023/24,10-11-2023,"Narendra Modi Stadium, Ahmedabad",1,19.1,Afghanistan,South Africa,Rahmat Shah,Azmatullah Omarzai,AK Markram,1,0,,,,,,,,,
1384433,2023/24,10-11-2023,"Narendra Modi Stadium, Ahmedabad",1,19.2,Afghanistan,South Africa,Azmatullah Omarzai,Rahmat Shah,AK Markram,6,0,,,,,,,,,
1384433,2023/24,10-11-2023,"Narendra Modi Stadium, Ahmedabad",1,19.3,Afghanistan,South Africa,Azmatullah Omarzai,Rahmat Shah,AK Markram,0,0,,,,,,,,,
1384433,2023/24,10-11-2023,"Narendra Modi Stadium, Ahmedabad",1,19.4,Afghanistan,South Africa,Azmatullah Omarzai,Rahmat Shah,AK Markram,0,0,,,,,,,,,
1384433,2023/24,10-11-2023,"Narendra Modi Stadium, Ahmedabad",1,19.5,Afghanistan,South Africa,Azmatullah Omarzai,Rahmat Shah,AK Markram,1,0,,,,,,,,,
1384433,2023/24,10-11-2023,"Narendra Modi Stadium, Ahmedabad",1,19.6,Afghanistan,South Africa,Rahmat Shah,Azmatullah Omarzai,AK Markram,0,0,,,,,,,,,
1384433,2023/24,10-11-2023,"Narendra Modi Stadium, Ahmedabad",1,20.1,Afghanistan,South Africa,Azmatullah Omarzai,Rahmat Shah,AL Phehlukwayo,0,0,,,,,,,,,
1384433,2023/24,10-11-2023,"Narendra Modi Stadium, Ahmedabad",1,20.2,Afghanistan,South Africa,Azmatullah Omarzai,Rahmat Shah,AL Phehlukwayo,0,0,,,,,,,,,
1384433,2023/24,10-11-2023,"Narendra Modi Stadium, Ahmedabad",1,20.3,Afghanistan,South Africa,Azmatullah Omarzai,Rahmat Shah,AL Phehlukwayo,1,0,,,,,,,,,
1384433,2023/24,10-11-2023,"Narendra Modi Stadium, Ahmedabad",1,20.4,Afghanistan,South Africa,Rahmat Shah,Azmatullah Omarzai,AL Phehlukwayo,0,0,,,,,,,,,
1384433,2023/24,10-11-2023,"Narendra Modi Stadium, Ahmedabad",1,20.5,Afghanistan,South Africa,Rahmat Shah,Azmatullah Omarzai,AL Phehlukwayo,1,0,,,,,,,,,
1384433,2023/24,10-11-2023,"Narendra Modi Stadium, Ahmedabad",1,20.6,Afghanistan,South Africa,Azmatullah Omarzai,Rahmat Shah,AL Phehlukwayo,2,0,,,,,,,,,
1384433,2023/24,10-11-2023,"Narendra Modi Stadium, Ahmedabad",1,21.1,Afghanistan,South Africa,Rahmat Shah,Azmatullah Omarzai,AK Markram,0,0,,,,,,,,,
1384433,2023/24,10-11-2023,"Narendra Modi Stadium, Ahmedabad",1,21.2,Afghanistan,South Africa,Rahmat Shah,Azmatullah Omarzai,AK Markram,1,0,,,,,,,,,
1384433,2023/24,10-11-2023,"Narendra Modi Stadium, Ahmedabad",1,21.3,Afghanistan,South Africa,Azmatullah Omarzai,Rahmat Shah,AK Markram,1,0,,,,,,,,,
1384433,2023/24,10-11-2023,"Narendra Modi Stadium, Ahmedabad",1,21.4,Afghanistan,South Africa,Rahmat Shah,Azmatullah Omarzai,AK Markram,4,0,,,,,,,,,
1384433,2023/24,10-11-2023,"Narendra Modi Stadium, Ahmedabad",1,21.5,Afghanistan,South Africa,Rahmat Shah,Azmatullah Omarzai,AK Markram,0,0,,,,,,,,,
1384433,2023/24,10-11-2023,"Narendra Modi Stadium, Ahmedabad",1,21.6,Afghanistan,South Africa,Rahmat Shah,Azmatullah Omarzai,AK Markram,1,0,,,,,,,,,
1384433,2023/24,10-11-2023,"Narendra Modi Stadium, Ahmedabad",1,22.1,Afghanistan,South Africa,Rahmat Shah,Azmatullah Omarzai,AL Phehlukwayo,1,0,,,,,,,,,
1384433,2023/24,10-11-2023,"Narendra Modi Stadium, Ahmedabad",1,22.2,Afghanistan,South Africa,Azmatullah Omarzai,Rahmat Shah,AL Phehlukwayo,0,0,,,,,,,,,
1384433,2023/24,10-11-2023,"Narendra Modi Stadium, Ahmedabad",1,22.3,Afghanistan,South Africa,Azmatullah Omarzai,Rahmat Shah,AL Phehlukwayo,2,0,,,,,,,,,
1384433,2023/24,10-11-2023,"Narendra Modi Stadium, Ahmedabad",1,22.4,Afghanistan,South Africa,Azmatullah Omarzai,Rahmat Shah,AL Phehlukwayo,1,0,,,,,,,,,
1384433,2023/24,10-11-2023,"Narendra Modi Stadium, Ahmedabad",1,22.5,Afghanistan,South Africa,Rahmat Shah,Azmatullah Omarzai,AL Phehlukwayo,0,0,,,,,,,,,
1384433,2023/24,10-11-2023,"Narendra Modi Stadium, Ahmedabad",1,22.6,Afghanistan,South Africa,Rahmat Shah,Azmatullah Omarzai,AL Phehlukwayo,0,0,,,,,,,,,
1384433,2023/24,10-11-2023,"Narendra Modi Stadium, Ahmedabad",1,23.1,Afghanistan,South Africa,Azmatullah Omarzai,Rahmat Shah,L Ngidi,0,0,,,,,,,,,
1384433,2023/24,10-11-2023,"Narendra Modi Stadium, Ahmedabad",1,23.2,Afghanistan,South Africa,Azmatullah Omarzai,Rahmat Shah,L Ngidi,0,0,,,,,,,,,
1384433,2023/24,10-11-2023,"Narendra Modi Stadium, Ahmedabad",1,23.3,Afghanistan,South Africa,Azmatullah Omarzai,Rahmat Shah,L Ngidi,1,0,,,,,,,,,
1384433,2023/24,10-11-2023,"Narendra Modi Stadium, Ahmedabad",1,23.4,Afghanistan,South Africa,Rahmat Shah,Azmatullah Omarzai,L Ngidi,0,0,,,,,,,,,
1384433,2023/24,10-11-2023,"Narendra Modi Stadium, Ahmedabad",1,23.5,Afghanistan,South Africa,Rahmat Shah,Azmatullah Omarzai,L Ngidi,0,0,,,,,,caught,Rahmat Shah,,
1384433,2023/24,10-11-2023,"Narendra Modi Stadium, Ahmedabad",1,23.6,Afghanistan,South Africa,Ikram Alikhil,Azmatullah Omarzai,L Ngidi,1,0,,,,,,,,,
1384433,2023/24,10-11-2023,"Narendra Modi Stadium, Ahmedabad",1,24.1,Afghanistan,South Africa,Ikram Alikhil,Azmatullah Omarzai,AL Phehlukwayo,0,0,,,,,,,,,
1384433,2023/24,10-11-2023,"Narendra Modi Stadium, Ahmedabad",1,24.2,Afghanistan,South Africa,Ikram Alikhil,Azmatullah Omarzai,AL Phehlukwayo,0,0,,,,,,,,,
1384433,2023/24,10-11-2023,"Narendra Modi Stadium, Ahmedabad",1,24.3,Afghanistan,South Africa,Ikram Alikhil,Azmatullah Omarzai,AL Phehlukwayo,4,0,,,,,,,,,
1384433,2023/24,10-11-2023,"Narendra Modi Stadium, Ahmedabad",1,24.4,Afghanistan,South Africa,Ikram Alikhil,Azmatullah Omarzai,AL Phehlukwayo,0,0,,,,,,,,,
1384433,2023/24,10-11-2023,"Narendra Modi Stadium, Ahmedabad",1,24.5,Afghanistan,South Africa,Ikram Alikhil,Azmatullah Omarzai,AL Phehlukwayo,1,0,,,,,,,,,
1384433,2023/24,10-11-2023,"Narendra Modi Stadium, Ahmedabad",1,24.6,Afghanistan,South Africa,Azmatullah Omarzai,Ikram Alikhil,AL Phehlukwayo,0,0,,,,,,,,,
1384433,2023/24,10-11-2023,"Narendra Modi Stadium, Ahmedabad",1,25.1,Afghanistan,South Africa,Ikram Alikhil,Azmatullah Omarzai,L Ngidi,0,0,,,,,,,,,
1384433,2023/24,10-11-2023,"Narendra Modi Stadium, Ahmedabad",1,25.2,Afghanistan,South Africa,Ikram Alikhil,Azmatullah Omarzai,L Ngidi,0,0,,,,,,,,,
1384433,2023/24,10-11-2023,"Narendra Modi Stadium, Ahmedabad",1,25.3,Afghanistan,South Africa,Ikram Alikhil,Azmatullah Omarzai,L Ngidi,0,0,,,,,,,,,
1384433,2023/24,10-11-2023,"Narendra Modi Stadium, Ahmedabad",1,25.4,Afghanistan,South Africa,Ikram Alikhil,Azmatullah Omarzai,L Ngidi,0,0,,,,,,,,,
1384433,2023/24,10-11-2023,"Narendra Modi Stadium, Ahmedabad",1,25.5,Afghanistan,South Africa,Ikram Alikhil,Azmatullah Omarzai,L Ngidi,0,0,,,,,,,,,
1384433,2023/24,10-11-2023,"Narendra Modi Stadium, Ahmedabad",1,25.6,Afghanistan,South Africa,Ikram Alikhil,Azmatullah Omarzai,L Ngidi,0,1,1,,,,,,,,
1384433,2023/24,10-11-2023,"Narendra Modi Stadium, Ahmedabad",1,25.7,Afghanistan,South Africa,Ikram Alikhil,Azmatullah Omarzai,L Ngidi,6,0,,,,,,,,,
1384433,2023/24,10-11-2023,"Narendra Modi Stadium, Ahmedabad",1,26.1,Afghanistan,South Africa,Azmatullah Omarzai,Ikram Alikhil,G Coetzee,0,0,,,,,,,,,
1384433,2023/24,10-11-2023,"Narendra Modi Stadium, Ahmedabad",1,26.2,Afghanistan,South Africa,Azmatullah Omarzai,Ikram Alikhil,G Coetzee,0,0,,,,,,,,,
1384433,2023/24,10-11-2023,"Narendra Modi Stadium, Ahmedabad",1,26.3,Afghanistan,South Africa,Azmatullah Omarzai,Ikram Alikhil,G Coetzee,1,0,,,,,,,,,
1384433,2023/24,10-11-2023,"Narendra Modi Stadium, Ahmedabad",1,26.4,Afghanistan,South Africa,Ikram Alikhil,Azmatullah Omarzai,G Coetzee,0,4,,,4,,,,,,
1384433,2023/24,10-11-2023,"Narendra Modi Stadium, Ahmedabad",1,26.5,Afghanistan,South Africa,Ikram Alikhil,Azmatullah Omarzai,G Coetzee,0,0,,,,,,caught,Ikram Alikhil,,
1384433,2023/24,10-11-2023,"Narendra Modi Stadium, Ahmedabad",1,26.6,Afghanistan,South Africa,Mohammad Nabi,Azmatullah Omarzai,G Coetzee,1,0,,,,,,,,,
1384433,2023/24,10-11-2023,"Narendra Modi Stadium, Ahmedabad",1,27.1,Afghanistan,South Africa,Mohammad Nabi,Azmatullah Omarzai,L Ngidi,1,0,,,,,,,,,
1384433,2023/24,10-11-2023,"Narendra Modi Stadium, Ahmedabad",1,27.2,Afghanistan,South Africa,Azmatullah Omarzai,Mohammad Nabi,L Ngidi,0,0,,,,,,,,,
1384433,2023/24,10-11-2023,"Narendra Modi Stadium, Ahmedabad",1,27.3,Afghanistan,South Africa,Azmatullah Omarzai,Mohammad Nabi,L Ngidi,0,1,1,,,,,,,,
1384433,2023/24,10-11-2023,"Narendra Modi Stadium, Ahmedabad",1,27.4,Afghanistan,South Africa,Azmatullah Omarzai,Mohammad Nabi,L Ngidi,1,0,,,,,,,,,
1384433,2023/24,10-11-2023,"Narendra Modi Stadium, Ahmedabad",1,27.5,Afghanistan,South Africa,Mohammad Nabi,Azmatullah Omarzai,L Ngidi,0,0,,,,,,caught,Mohammad Nabi,,
1384433,2023/24,10-11-2023,"Narendra Modi Stadium, Ahmedabad",1,27.6,Afghanistan,South Africa,Rashid Khan,Azmatullah Omarzai,L Ngidi,0,0,,,,,,,,,
1384433,2023/24,10-11-2023,"Narendra Modi Stadium, Ahmedabad",1,27.7,Afghanistan,South Africa,Rashid Khan,Azmatullah Omarzai,L Ngidi,0,0,,,,,,,,,
1384433,2023/24,10-11-2023,"Narendra Modi Stadium, Ahmedabad",1,28.1,Afghanistan,South Africa,Azmatullah Omarzai,Rashid Khan,G Coetzee,4,0,,,,,,,,,
1384433,2023/24,10-11-2023,"Narendra Modi Stadium, Ahmedabad",1,28.2,Afghanistan,South Africa,Azmatullah Omarzai,Rashid Khan,G Coetzee,1,0,,,,,,,,,
1384433,2023/24,10-11-2023,"Narendra Modi Stadium, Ahmedabad",1,28.3,Afghanistan,South Africa,Rashid Khan,Azmatullah Omarzai,G Coetzee,1,0,,,,,,,,,
1384433,2023/24,10-11-2023,"Narendra Modi Stadium, Ahmedabad",1,28.4,Afghanistan,South Africa,Azmatullah Omarzai,Rashid Khan,G Coetzee,0,0,,,,,,,,,
1384433,2023/24,10-11-2023,"Narendra Modi Stadium, Ahmedabad",1,28.5,Afghanistan,South Africa,Azmatullah Omarzai,Rashid Khan,G Coetzee,1,0,,,,,,,,,
1384433,2023/24,10-11-2023,"Narendra Modi Stadium, Ahmedabad",1,28.6,Afghanistan,South Africa,Rashid Khan,Azmatullah Omarzai,G Coetzee,0,1,1,,,,,,,,
1384433,2023/24,10-11-2023,"Narendra Modi Stadium, Ahmedabad",1,28.7,Afghanistan,South Africa,Rashid Khan,Azmatullah Omarzai,G Coetzee,0,0,,,,,,,,,
1384433,2023/24,10-11-2023,"Narendra Modi Stadium, Ahmedabad",1,29.1,Afghanistan,South Africa,Azmatullah Omarzai,Rashid Khan,L Ngidi,4,0,,,,,,,,,
1384433,2023/24,10-11-2023,"Narendra Modi Stadium, Ahmedabad",1,29.2,Afghanistan,South Africa,Azmatullah Omarzai,Rashid Khan,L Ngidi,4,0,,,,,,,,,
1384433,2023/24,10-11-2023,"Narendra Modi Stadium, Ahmedabad",1,29.3,Afghanistan,South Africa,Azmatullah Omarzai,Rashid Khan,L Ngidi,1,0,,,,,,,,,
1384433,2023/24,10-11-2023,"Narendra Modi Stadium, Ahmedabad",1,29.4,Afghanistan,South Africa,Rashid Khan,Azmatullah Omarzai,L Ngidi,0,0,,,,,,,,,
1384433,2023/24,10-11-2023,"Narendra Modi Stadium, Ahmedabad",1,29.5,Afghanistan,South Africa,Rashid Khan,Azmatullah Omarzai,L Ngidi,1,0,,,,,,,,,
1384433,2023/24,10-11-2023,"Narendra Modi Stadium, Ahmedabad",1,29.6,Afghanistan,South Africa,Azmatullah Omarzai,Rashid Khan,L Ngidi,0,0,,,,,,,,,
1384433,2023/24,10-11-2023,"Narendra Modi Stadium, Ahmedabad",1,30.1,Afghanistan,South Africa,Rashid Khan,Azmatullah Omarzai,G Coetzee,1,0,,,,,,,,,
1384433,2023/24,10-11-2023,"Narendra Modi Stadium, Ahmedabad",1,30.2,Afghanistan,South Africa,Azmatullah Omarzai,Rashid Khan,G Coetzee,1,0,,,,,,,,,
1384433,2023/24,10-11-2023,"Narendra Modi Stadium, Ahmedabad",1,30.3,Afghanistan,South Africa,Rashid Khan,Azmatullah Omarzai,G Coetzee,1,0,,,,,,,,,
1384433,2023/24,10-11-2023,"Narendra Modi Stadium, Ahmedabad",1,30.4,Afghanistan,South Africa,Azmatullah Omarzai,Rashid Khan,G Coetzee,0,0,,,,,,,,,
1384433,2023/24,10-11-2023,"Narendra Modi Stadium, Ahmedabad",1,30.5,Afghanistan,South Africa,Azmatullah Omarzai,Rashid Khan,G Coetzee,0,0,,,,,,,,,
1384433,2023/24,10-11-2023,"Narendra Modi Stadium, Ahmedabad",1,30.6,Afghanistan,South Africa,Azmatullah Omarzai,Rashid Khan,G Coetzee,0,1,1,,,,,,,,
1384433,2023/24,10-11-2023,"Narendra Modi Stadium, Ahmedabad",1,30.7,Afghanistan,South Africa,Azmatullah Omarzai,Rashid Khan,G Coetzee,1,0,,,,,,,,,
1384433,2023/24,10-11-2023,"Narendra Modi Stadium, Ahmedabad",1,31.1,Afghanistan,South Africa,Azmatullah Omarzai,Rashid Khan,K Rabada,0,0,,,,,,,,,
1384433,2023/24,10-11-2023,"Narendra Modi Stadium, Ahmedabad",1,31.2,Afghanistan,South Africa,Azmatullah Omarzai,Rashid Khan,K Rabada,0,0,,,,,,,,,
1384433,2023/24,10-11-2023,"Narendra Modi Stadium, Ahmedabad",1,31.3,Afghanistan,South Africa,Azmatullah Omarzai,Rashid Khan,K Rabada,0,0,,,,,,,,,
1384433,2023/24,10-11-2023,"Narendra Modi Stadium, Ahmedabad",1,31.4,Afghanistan,South Africa,Azmatullah Omarzai,Rashid Khan,K Rabada,0,0,,,,,,,,,
1384433,2023/24,10-11-2023,"Narendra Modi Stadium, Ahmedabad",1,31.5,Afghanistan,South Africa,Azmatullah Omarzai,Rashid Khan,K Rabada,4,0,,,,,,,,,
1384433,2023/24,10-11-2023,"Narendra Modi Stadium, Ahmedabad",1,31.6,Afghanistan,South Africa,Azmatullah Omarzai,Rashid Khan,K Rabada,0,0,,,,,,,,,
1384433,2023/24,10-11-2023,"Narendra Modi Stadium, Ahmedabad",1,32.1,Afghanistan,South Africa,Rashid Khan,Azmatullah Omarzai,KA Maharaj,0,0,,,,,,,,,
1384433,2023/24,10-11-2023,"Narendra Modi Stadium, Ahmedabad",1,32.2,Afghanistan,South Africa,Rashid Khan,Azmatullah Omarzai,KA Maharaj,0,0,,,,,,,,,
1384433,2023/24,10-11-2023,"Narendra Modi Stadium, Ahmedabad",1,32.3,Afghanistan,South Africa,Rashid Khan,Azmatullah Omarzai,KA Maharaj,2,0,,,,,,,,,
1384433,2023/24,10-11-2023,"Narendra Modi Stadium, Ahmedabad",1,32.4,Afghanistan,South Africa,Rashid Khan,Azmatullah Omarzai,KA Maharaj,0,0,,,,,,,,,
1384433,2023/24,10-11-2023,"Narendra Modi Stadium, Ahmedabad",1,32.5,Afghanistan,South Africa,Rashid Khan,Azmatullah Omarzai,KA Maharaj,1,0,,,,,,,,,
1384433,2023/24,10-11-2023,"Narendra Modi Stadium, Ahmedabad",1,32.6,Afghanistan,South Africa,Azmatullah Omarzai,Rashid Khan,KA Maharaj,0,0,,,,,,,,,
1384433,2023/24,10-11-2023,"Narendra Modi Stadium, Ahmedabad",1,33.1,Afghanistan,South Africa,Rashid Khan,Azmatullah Omarzai,K Rabada,0,0,,,,,,,,,
1384433,2023/24,10-11-2023,"Narendra Modi Stadium, Ahmedabad",1,33.2,Afghanistan,South Africa,Rashid Khan,Azmatullah Omarzai,K Rabada,1,0,,,,,,,,,
1384433,2023/24,10-11-2023,"Narendra Modi Stadium, Ahmedabad",1,33.3,Afghanistan,South Africa,Azmatullah Omarzai,Rashid Khan,K Rabada,1,0,,,,,,,,,
1384433,2023/24,10-11-2023,"Narendra Modi Stadium, Ahmedabad",1,33.4,Afghanistan,South Africa,Rashid Khan,Azmatullah Omarzai,K Rabada,0,0,,,,,,,,,
1384433,2023/24,10-11-2023,"Narendra Modi Stadium, Ahmedabad",1,33.5,Afghanistan,South Africa,Rashid Khan,Azmatullah Omarzai,K Rabada,1,0,,,,,,,,,
1384433,2023/24,10-11-2023,"Narendra Modi Stadium, Ahmedabad",1,33.6,Afghanistan,South Africa,Azmatullah Omarzai,Rashid Khan,K Rabada,0,0,,,,,,,,,
1384433,2023/24,10-11-2023,"Narendra Modi Stadium, Ahmedabad",1,34.1,Afghanistan,South Africa,Rashid Khan,Azmatullah Omarzai,KA Maharaj,0,0,,,,,,,,,
1384433,2023/24,10-11-2023,"Narendra Modi Stadium, Ahmedabad",1,34.2,Afghanistan,South Africa,Rashid Khan,Azmatullah Omarzai,KA Maharaj,0,0,,,,,,,,,
1384433,2023/24,10-11-2023,"Narendra Modi Stadium, Ahmedabad",1,34.3,Afghanistan,South Africa,Rashid Khan,Azmatullah Omarzai,KA Maharaj,1,0,,,,,,,,,
1384433,2023/24,10-11-2023,"Narendra Modi Stadium, Ahmedabad",1,34.4,Afghanistan,South Africa,Azmatullah Omarzai,Rashid Khan,KA Maharaj,0,0,,,,,,,,,
1384433,2023/24,10-11-2023,"Narendra Modi Stadium, Ahmedabad",1,34.5,Afghanistan,South Africa,Azmatullah Omarzai,Rashid Khan,KA Maharaj,0,0,,,,,,,,,
1384433,2023/24,10-11-2023,"Narendra Modi Stadium, Ahmedabad",1,34.6,Afghanistan,South Africa,Azmatullah Omarzai,Rashid Khan,KA Maharaj,0,0,,,,,,,,,
1384433,2023/24,10-11-2023,"Narendra Modi Stadium, Ahmedabad",1,35.1,Afghanistan,South Africa,Rashid Khan,Azmatullah Omarzai,AL Phehlukwayo,0,0,,,,,,,,,
1384433,2023/24,10-11-2023,"Narendra Modi Stadium, Ahmedabad",1,35.2,Afghanistan,South Africa,Rashid Khan,Azmatullah Omarzai,AL Phehlukwayo,0,0,,,,,,,,,
1384433,2023/24,10-11-2023,"Narendra Modi Stadium, Ahmedabad",1,35.3,Afghanistan,South Africa,Rashid Khan,Azmatullah Omarzai,AL Phehlukwayo,1,0,,,,,,,,,
1384433,2023/24,10-11-2023,"Narendra Modi Stadium, Ahmedabad",1,35.4,Afghanistan,South Africa,Azmatullah Omarzai,Rashid Khan,AL Phehlukwayo,1,0,,,,,,,,,
1384433,2023/24,10-11-2023,"Narendra Modi Stadium, Ahmedabad",1,35.5,Afghanistan,South Africa,Rashid Khan,Azmatullah Omarzai,AL Phehlukwayo,1,0,,,,,,,,,
1384433,2023/24,10-11-2023,"Narendra Modi Stadium, Ahmedabad",1,35.6,Afghanistan,South Africa,Azmatullah Omarzai,Rashid Khan,AL Phehlukwayo,1,0,,,,,,,,,
1384433,2023/24,10-11-2023,"Narendra Modi Stadium, Ahmedabad",1,36.1,Afghanistan,South Africa,Azmatullah Omarzai,Rashid Khan,KA Maharaj,1,0,,,,,,,,,
1384433,2023/24,10-11-2023,"Narendra Modi Stadium, Ahmedabad",1,36.2,Afghanistan,South Africa,Rashid Khan,Azmatullah Omarzai,KA Maharaj,1,0,,,,,,,,,
1384433,2023/24,10-11-2023,"Narendra Modi Stadium, Ahmedabad",1,36.3,Afghanistan,South Africa,Azmatullah Omarzai,Rashid Khan,KA Maharaj,1,0,,,,,,,,,
1384433,2023/24,10-11-2023,"Narendra Modi Stadium, Ahmedabad",1,36.4,Afghanistan,South Africa,Rashid Khan,Azmatullah Omarzai,KA Maharaj,0,0,,,,,,,,,
1384433,2023/24,10-11-2023,"Narendra Modi Stadium, Ahmedabad",1,36.5,Afghanistan,South Africa,Rashid Khan,Azmatullah Omarzai,KA Maharaj,0,0,,,,,,,,,
1384433,2023/24,10-11-2023,"Narendra Modi Stadium, Ahmedabad",1,36.6,Afghanistan,South Africa,Rashid Khan,Azmatullah Omarzai,KA Maharaj,0,0,,,,,,,,,
1384433,2023/24,10-11-2023,"Narendra Modi Stadium, Ahmedabad",1,37.1,Afghanistan,South Africa,Azmatullah Omarzai,Rashid Khan,AL Phehlukwayo,0,0,,,,,,,,,
1384433,2023/24,10-11-2023,"Narendra Modi Stadium, Ahmedabad",1,37.2,Afghanistan,South Africa,Azmatullah Omarzai,Rashid Khan,AL Phehlukwayo,1,0,,,,,,,,,
1384433,2023/24,10-11-2023,"Narendra Modi Stadium, Ahmedabad",1,37.3,Afghanistan,South Africa,Rashid Khan,Azmatullah Omarzai,AL Phehlukwayo,1,0,,,,,,,,,
1384433,2023/24,10-11-2023,"Narendra Modi Stadium, Ahmedabad",1,37.4,Afghanistan,South Africa,Azmatullah Omarzai,Rashid Khan,AL Phehlukwayo,1,0,,,,,,,,,
1384433,2023/24,10-11-2023,"Narendra Modi Stadium, Ahmedabad",1,37.5,Afghanistan,South Africa,Rashid Khan,Azmatullah Omarzai,AL Phehlukwayo,0,0,,,,,,caught,Rashid Khan,,
1384433,2023/24,10-11-2023,"Narendra Modi Stadium, Ahmedabad",1,37.6,Afghanistan,South Africa,Noor Ahmad,Azmatullah Omarzai,AL Phehlukwayo,0,0,,,,,,,,,
1384433,2023/24,10-11-2023,"Narendra Modi Stadium, Ahmedabad",1,38.1,Afghanistan,South Africa,Azmatullah Omarzai,Noor Ahmad,KA Maharaj,0,0,,,,,,,,,
1384433,2023/24,10-11-2023,"Narendra Modi Stadium, Ahmedabad",1,38.2,Afghanistan,South Africa,Azmatullah Omarzai,Noor Ahmad,KA Maharaj,0,0,,,,,,,,,
1384433,2023/24,10-11-2023,"Narendra Modi Stadium, Ahmedabad",1,38.3,Afghanistan,South Africa,Azmatullah Omarzai,Noor Ahmad,KA Maharaj,0,0,,,,,,,,,
1384433,2023/24,10-11-2023,"Narendra Modi Stadium, Ahmedabad",1,38.4,Afghanistan,South Africa,Azmatullah Omarzai,Noor Ahmad,KA Maharaj,0,0,,,,,,,,,
1384433,2023/24,10-11-2023,"Narendra Modi Stadium, Ahmedabad",1,38.5,Afghanistan,South Africa,Azmatullah Omarzai,Noor Ahmad,KA Maharaj,2,0,,,,,,,,,
1384433,2023/24,10-11-2023,"Narendra Modi Stadium, Ahmedabad",1,38.6,Afghanistan,South Africa,Azmatullah Omarzai,Noor Ahmad,KA Maharaj,0,0,,,,,,,,,
1384433,2023/24,10-11-2023,"Narendra Modi Stadium, Ahmedabad",1,39.1,Afghanistan,South Africa,Noor Ahmad,Azmatullah Omarzai,AL Phehlukwayo,0,0,,,,,,,,,
1384433,2023/24,10-11-2023,"Narendra Modi Stadium, Ahmedabad",1,39.2,Afghanistan,South Africa,Noor Ahmad,Azmatullah Omarzai,AL Phehlukwayo,4,0,,,,,,,,,
1384433,2023/24,10-11-2023,"Narendra Modi Stadium, Ahmedabad",1,39.3,Afghanistan,South Africa,Noor Ahmad,Azmatullah Omarzai,AL Phehlukwayo,1,0,,,,,,,,,
1384433,2023/24,10-11-2023,"Narendra Modi Stadium, Ahmedabad",1,39.4,Afghanistan,South Africa,Azmatullah Omarzai,Noor Ahmad,AL Phehlukwayo,4,0,,,,,,,,,
1384433,2023/24,10-11-2023,"Narendra Modi Stadium, Ahmedabad",1,39.5,Afghanistan,South Africa,Azmatullah Omarzai,Noor Ahmad,AL Phehlukwayo,1,0,,,,,,,,,
1384433,2023/24,10-11-2023,"Narendra Modi Stadium, Ahmedabad",1,39.6,Afghanistan,South Africa,Noor Ahmad,Azmatullah Omarzai,AL Phehlukwayo,0,1,,,,1,,,,,
1384433,2023/24,10-11-2023,"Narendra Modi Stadium, Ahmedabad",1,40.1,Afghanistan,South Africa,Noor Ahmad,Azmatullah Omarzai,K Rabada,0,0,,,,,,,,,
1384433,2023/24,10-11-2023,"Narendra Modi Stadium, Ahmedabad",1,40.2,Afghanistan,South Africa,Noor Ahmad,Azmatullah Omarzai,K Rabada,0,0,,,,,,,,,
1384433,2023/24,10-11-2023,"Narendra Modi Stadium, Ahmedabad",1,40.3,Afghanistan,South Africa,Noor Ahmad,Azmatullah Omarzai,K Rabada,0,0,,,,,,,,,
1384433,2023/24,10-11-2023,"Narendra Modi Stadium, Ahmedabad",1,40.4,Afghanistan,South Africa,Noor Ahmad,Azmatullah Omarzai,K Rabada,1,0,,,,,,,,,
1384433,2023/24,10-11-2023,"Narendra Modi Stadium, Ahmedabad",1,40.5,Afghanistan,South Africa,Azmatullah Omarzai,Noor Ahmad,K Rabada,1,0,,,,,,,,,
1384433,2023/24,10-11-2023,"Narendra Modi Stadium, Ahmedabad",1,40.6,Afghanistan,South Africa,Noor Ahmad,Azmatullah Omarzai,K Rabada,1,0,,,,,,,,,
1384433,2023/24,10-11-2023,"Narendra Modi Stadium, Ahmedabad",1,41.1,Afghanistan,South Africa,Noor Ahmad,Azmatullah Omarzai,AL Phehlukwayo,0,0,,,,,,,,,
1384433,2023/24,10-11-2023,"Narendra Modi Stadium, Ahmedabad",1,41.2,Afghanistan,South Africa,Noor Ahmad,Azmatullah Omarzai,AL Phehlukwayo,0,0,,,,,,,,,
1384433,2023/24,10-11-2023,"Narendra Modi Stadium, Ahmedabad",1,41.3,Afghanistan,South Africa,Noor Ahmad,Azmatullah Omarzai,AL Phehlukwayo,0,0,,,,,,,,,
1384433,2023/24,10-11-2023,"Narendra Modi Stadium, Ahmedabad",1,41.4,Afghanistan,South Africa,Noor Ahmad,Azmatullah Omarzai,AL Phehlukwayo,1,0,,,,,,,,,
1384433,2023/24,10-11-2023,"Narendra Modi Stadium, Ahmedabad",1,41.5,Afghanistan,South Africa,Azmatullah Omarzai,Noor Ahmad,AL Phehlukwayo,1,0,,,,,,,,,
1384433,2023/24,10-11-2023,"Narendra Modi Stadium, Ahmedabad",1,41.6,Afghanistan,South Africa,Noor Ahmad,Azmatullah Omarzai,AL Phehlukwayo,4,0,,,,,,,,,
1384433,2023/24,10-11-2023,"Narendra Modi Stadium, Ahmedabad",1,42.1,Afghanistan,South Africa,Azmatullah Omarzai,Noor Ahmad,K Rabada,4,0,,,,,,,,,
1384433,2023/24,10-11-2023,"Narendra Modi Stadium, Ahmedabad",1,42.2,Afghanistan,South Africa,Azmatullah Omarzai,Noor Ahmad,K Rabada,1,0,,,,,,,,,
1384433,2023/24,10-11-2023,"Narendra Modi Stadium, Ahmedabad",1,42.3,Afghanistan,South Africa,Noor Ahmad,Azmatullah Omarzai,K Rabada,0,0,,,,,,,,,
1384433,2023/24,10-11-2023,"Narendra Modi Stadium, Ahmedabad",1,42.4,Afghanistan,South Africa,Noor Ahmad,Azmatullah Omarzai,K Rabada,0,0,,,,,,,,,
1384433,2023/24,10-11-2023,"Narendra Modi Stadium, Ahmedabad",1,42.5,Afghanistan,South Africa,Noor Ahmad,Azmatullah Omarzai,K Rabada,1,0,,,,,,,,,
1384433,2023/24,10-11-2023,"Narendra Modi Stadium, Ahmedabad",1,42.6,Afghanistan,South Africa,Azmatullah Omarzai,Noor Ahmad,K Rabada,0,0,,,,,,,,,
1384433,2023/24,10-11-2023,"Narendra Modi Stadium, Ahmedabad",1,43.1,Afghanistan,South Africa,Noor Ahmad,Azmatullah Omarzai,G Coetzee,1,0,,,,,,,,,
1384433,2023/24,10-11-2023,"Narendra Modi Stadium, Ahmedabad",1,43.2,Afghanistan,South Africa,Azmatullah Omarzai,Noor Ahmad,G Coetzee,1,0,,,,,,,,,
1384433,2023/24,10-11-2023,"Narendra Modi Stadium, Ahmedabad",1,43.3,Afghanistan,South Africa,Noor Ahmad,Azmatullah Omarzai,G Coetzee,4,0,,,,,,,,,
1384433,2023/24,10-11-2023,"Narendra Modi Stadium, Ahmedabad",1,43.4,Afghanistan,South Africa,Noor Ahmad,Azmatullah Omarzai,G Coetzee,0,0,,,,,,,,,
1384433,2023/24,10-11-2023,"Narendra Modi Stadium, Ahmedabad",1,43.5,Afghanistan,South Africa,Noor Ahmad,Azmatullah Omarzai,G Coetzee,0,0,,,,,,,,,
1384433,2023/24,10-11-2023,"Narendra Modi Stadium, Ahmedabad",1,43.6,Afghanistan,South Africa,Noor Ahmad,Azmatullah Omarzai,G Coetzee,1,0,,,,,,,,,
1384433,2023/24,10-11-2023,"Narendra Modi Stadium, Ahmedabad",1,44.1,Afghanistan,South Africa,Noor Ahmad,Azmatullah Omarzai,K Rabada,0,0,,,,,,,,,
1384433,2023/24,10-11-2023,"Narendra Modi Stadium, Ahmedabad",1,44.2,Afghanistan,South Africa,Noor Ahmad,Azmatullah Omarzai,K Rabada,1,0,,,,,,,,,
1384433,2023/24,10-11-2023,"Narendra Modi Stadium, Ahmedabad",1,44.3,Afghanistan,South Africa,Azmatullah Omarzai,Noor Ahmad,K Rabada,0,0,,,,,,,,,
1384433,2023/24,10-11-2023,"Narendra Modi Stadium, Ahmedabad",1,44.4,Afghanistan,South Africa,Azmatullah Omarzai,Noor Ahmad,K Rabada,1,0,,,,,,,,,
1384433,2023/24,10-11-2023,"Narendra Modi Stadium, Ahmedabad",1,44.5,Afghanistan,South Africa,Noor Ahmad,Azmatullah Omarzai,K Rabada,0,0,,,,,,,,,
1384433,2023/24,10-11-2023,"Narendra Modi Stadium, Ahmedabad",1,44.6,Afghanistan,South Africa,Noor Ahmad,Azmatullah Omarzai,K Rabada,1,0,,,,,,,,,
1384433,2023/24,10-11-2023,"Narendra Modi Stadium, Ahmedabad",1,45.1,Afghanistan,South Africa,Noor Ahmad,Azmatullah Omarzai,G Coetzee,1,0,,,,,,,,,
1384433,2023/24,10-11-2023,"Narendra Modi Stadium, Ahmedabad",1,45.2,Afghanistan,South Africa,Azmatullah Omarzai,Noor Ahmad,G Coetzee,1,0,,,,,,,,,
1384433,2023/24,10-11-2023,"Narendra Modi Stadium, Ahmedabad",1,45.3,Afghanistan,South Africa,Noor Ahmad,Azmatullah Omarzai,G Coetzee,0,0,,,,,,,,,
1384433,2023/24,10-11-2023,"Narendra Modi Stadium, Ahmedabad",1,45.4,Afghanistan,South Africa,Noor Ahmad,Azmatullah Omarzai,G Coetzee,4,0,,,,,,,,,
1384433,2023/24,10-11-2023,"Narendra Modi Stadium, Ahmedabad",1,45.5,Afghanistan,South Africa,Noor Ahmad,Azmatullah Omarzai,G Coetzee,0,0,,,,,,,,,
1384433,2023/24,10-11-2023,"Narendra Modi Stadium, Ahmedabad",1,45.6,Afghanistan,South Africa,Noor Ahmad,Azmatullah Omarzai,G Coetzee,0,0,,,,,,caught,Noor Ahmad,,
1384433,2023/24,10-11-2023,"Narendra Modi Stadium, Ahmedabad",1,46.1,Afghanistan,South Africa,Azmatullah Omarzai,Mujeeb Ur Rahman,L Ngidi,4,0,,,,,,,,,
1384433,2023/24,10-11-2023,"Narendra Modi Stadium, Ahmedabad",1,46.2,Afghanistan,South Africa,Azmatullah Omarzai,Mujeeb Ur Rahman,L Ngidi,2,0,,,,,,,,,
1384433,2023/24,10-11-2023,"Narendra Modi Stadium, Ahmedabad",1,46.3,Afghanistan,South Africa,Azmatullah Omarzai,Mujeeb Ur Rahman,L Ngidi,1,0,,,,,,,,,
1384433,2023/24,10-11-2023,"Narendra Modi Stadium, Ahmedabad",1,46.4,Afghanistan,South Africa,Mujeeb Ur Rahman,Azmatullah Omarzai,L Ngidi,6,0,,,,,,,,,
1384433,2023/24,10-11-2023,"Narendra Modi Stadium, Ahmedabad",1,46.5,Afghanistan,South Africa,Mujeeb Ur Rahman,Azmatullah Omarzai,L Ngidi,1,0,,,,,,,,,
1384433,2023/24,10-11-2023,"Narendra Modi Stadium, Ahmedabad",1,46.6,Afghanistan,South Africa,Azmatullah Omarzai,Mujeeb Ur Rahman,L Ngidi,6,0,,,,,,,,,
1384433,2023/24,10-11-2023,"Narendra Modi Stadium, Ahmedabad",1,47.1,Afghanistan,South Africa,Mujeeb Ur Rahman,Azmatullah Omarzai,G Coetzee,0,0,,,,,,,,,
1384433,2023/24,10-11-2023,"Narendra Modi Stadium, Ahmedabad",1,47.2,Afghanistan,South Africa,Mujeeb Ur Rahman,Azmatullah Omarzai,G Coetzee,1,0,,,,,,,,,
1384433,2023/24,10-11-2023,"Narendra Modi Stadium, Ahmedabad",1,47.3,Afghanistan,South Africa,Azmatullah Omarzai,Mujeeb Ur Rahman,G Coetzee,1,0,,,,,,,,,
1384433,2023/24,10-11-2023,"Narendra Modi Stadium, Ahmedabad",1,47.4,Afghanistan,South Africa,Mujeeb Ur Rahman,Azmatullah Omarzai,G Coetzee,0,0,,,,,,caught,Mujeeb Ur Rahman,,
1384433,2023/24,10-11-2023,"Narendra Modi Stadium, Ahmedabad",1,47.5,Afghanistan,South Africa,Naveen-ul-Haq,Azmatullah Omarzai,G Coetzee,0,0,,,,,,,,,
1384433,2023/24,10-11-2023,"Narendra Modi Stadium, Ahmedabad",1,47.6,Afghanistan,South Africa,Naveen-ul-Haq,Azmatullah Omarzai,G Coetzee,0,0,,,,,,,,,
1384433,2023/24,10-11-2023,"Narendra Modi Stadium, Ahmedabad",1,48.1,Afghanistan,South Africa,Azmatullah Omarzai,Naveen-ul-Haq,L Ngidi,0,0,,,,,,,,,
1384433,2023/24,10-11-2023,"Narendra Modi Stadium, Ahmedabad",1,48.2,Afghanistan,South Africa,Azmatullah Omarzai,Naveen-ul-Haq,L Ngidi,6,0,,,,,,,,,
1384433,2023/24,10-11-2023,"Narendra Modi Stadium, Ahmedabad",1,48.3,Afghanistan,South Africa,Azmatullah Omarzai,Naveen-ul-Haq,L Ngidi,0,1,1,,,,,,,,
1384433,2023/24,10-11-2023,"Narendra Modi Stadium, Ahmedabad",1,48.4,Afghanistan,South Africa,Azmatullah Omarzai,Naveen-ul-Haq,L Ngidi,0,0,,,,,,,,,
1384433,2023/24,10-11-2023,"Narendra Modi Stadium, Ahmedabad",1,48.5,Afghanistan,South Africa,Azmatullah Omarzai,Naveen-ul-Haq,L Ngidi,0,1,1,,,,,,,,
1384433,2023/24,10-11-2023,"Narendra Modi Stadium, Ahmedabad",1,48.6,Afghanistan,South Africa,Azmatullah Omarzai,Naveen-ul-Haq,L Ngidi,0,1,1,,,,,,,,
1384433,2023/24,10-11-2023,"Narendra Modi Stadium, Ahmedabad",1,48.7,Afghanistan,South Africa,Azmatullah Omarzai,Naveen-ul-Haq,L Ngidi,2,0,,,,,,,,,
1384433,2023/24,10-11-2023,"Narendra Modi Stadium, Ahmedabad",1,48.8,Afghanistan,South Africa,Azmatullah Omarzai,Naveen-ul-Haq,L Ngidi,2,0,,,,,,,,,
1384433,2023/24,10-11-2023,"Narendra Modi Stadium, Ahmedabad",1,48.9,Afghanistan,South Africa,Azmatullah Omarzai,Naveen-ul-Haq,L Ngidi,2,0,,,,,,,,,
1384433,2023/24,10-11-2023,"Narendra Modi Stadium, Ahmedabad",1,49.1,Afghanistan,South Africa,Naveen-ul-Haq,Azmatullah Omarzai,K Rabada,1,0,,,,,,,,,
1384433,2023/24,10-11-2023,"Narendra Modi Stadium, Ahmedabad",1,49.2,Afghanistan,South Africa,Azmatullah Omarzai,Naveen-ul-Haq,K Rabada,1,0,,,,,,,,,
1384433,2023/24,10-11-2023,"Narendra Modi Stadium, Ahmedabad",1,49.3,Afghanistan,South Africa,Naveen-ul-Haq,Azmatullah Omarzai,K Rabada,1,0,,,,,,,,,
1384433,2023/24,10-11-2023,"Narendra Modi Stadium, Ahmedabad",1,49.4,Afghanistan,South Africa,Azmatullah Omarzai,Naveen-ul-Haq,K Rabada,0,0,,,,,,,,,
1384433,2023/24,10-11-2023,"Narendra Modi Stadium, Ahmedabad",1,49.5,Afghanistan,South Africa,Azmatullah Omarzai,Naveen-ul-Haq,K Rabada,0,0,,,,,,,,,
1384433,2023/24,10-11-2023,"Narendra Modi Stadium, Ahmedabad",1,49.6,Afghanistan,South Africa,Azmatullah Omarzai,Naveen-ul-Haq,K Rabada,0,0,,,,,,run out,Naveen-ul-Haq,,
1384433,2023/24,10-11-2023,"Narendra Modi Stadium, Ahmedabad",2,0.1,South Africa,Afghanistan,Q de Kock,T Bavuma,Mujeeb Ur Rahman,0,0,,,,,,,,,
1384433,2023/24,10-11-2023,"Narendra Modi Stadium, Ahmedabad",2,0.2,South Africa,Afghanistan,Q de Kock,T Bavuma,Mujeeb Ur Rahman,4,0,,,,,,,,,
1384433,2023/24,10-11-2023,"Narendra Modi Stadium, Ahmedabad",2,0.3,South Africa,Afghanistan,Q de Kock,T Bavuma,Mujeeb Ur Rahman,0,0,,,,,,,,,
1384433,2023/24,10-11-2023,"Narendra Modi Stadium, Ahmedabad",2,0.4,South Africa,Afghanistan,Q de Kock,T Bavuma,Mujeeb Ur Rahman,0,0,,,,,,,,,
1384433,2023/24,10-11-2023,"Narendra Modi Stadium, Ahmedabad",2,0.5,South Africa,Afghanistan,Q de Kock,T Bavuma,Mujeeb Ur Rahman,1,0,,,,,,,,,
1384433,2023/24,10-11-2023,"Narendra Modi Stadium, Ahmedabad",2,0.6,South Africa,Afghanistan,T Bavuma,Q de Kock,Mujeeb Ur Rahman,0,0,,,,,,,,,
1384433,2023/24,10-11-2023,"Narendra Modi Stadium, Ahmedabad",2,1.1,South Africa,Afghanistan,Q de Kock,T Bavuma,Naveen-ul-Haq,0,0,,,,,,,,,
1384433,2023/24,10-11-2023,"Narendra Modi Stadium, Ahmedabad",2,1.2,South Africa,Afghanistan,Q de Kock,T Bavuma,Naveen-ul-Haq,1,0,,,,,,,,,
1384433,2023/24,10-11-2023,"Narendra Modi Stadium, Ahmedabad",2,1.3,South Africa,Afghanistan,T Bavuma,Q de Kock,Naveen-ul-Haq,0,0,,,,,,,,,
1384433,2023/24,10-11-2023,"Narendra Modi Stadium, Ahmedabad",2,1.4,South Africa,Afghanistan,T Bavuma,Q de Kock,Naveen-ul-Haq,0,0,,,,,,,,,
1384433,2023/24,10-11-2023,"Narendra Modi Stadium, Ahmedabad",2,1.5,South Africa,Afghanistan,T Bavuma,Q de Kock,Naveen-ul-Haq,0,0,,,,,,,,,
1384433,2023/24,10-11-2023,"Narendra Modi Stadium, Ahmedabad",2,1.6,South Africa,Afghanistan,T Bavuma,Q de Kock,Naveen-ul-Haq,0,0,,,,,,,,,
1384433,2023/24,10-11-2023,"Narendra Modi Stadium, Ahmedabad",2,2.1,South Africa,Afghanistan,Q de Kock,T Bavuma,Mujeeb Ur Rahman,0,0,,,,,,,,,
1384433,2023/24,10-11-2023,"Narendra Modi Stadium, Ahmedabad",2,2.2,South Africa,Afghanistan,Q de Kock,T Bavuma,Mujeeb Ur Rahman,6,0,,,,,,,,,
1384433,2023/24,10-11-2023,"Narendra Modi Stadium, Ahmedabad",2,2.3,South Africa,Afghanistan,Q de Kock,T Bavuma,Mujeeb Ur Rahman,1,0,,,,,,,,,
1384433,2023/24,10-11-2023,"Narendra Modi Stadium, Ahmedabad",2,2.4,South Africa,Afghanistan,T Bavuma,Q de Kock,Mujeeb Ur Rahman,1,0,,,,,,,,,
1384433,2023/24,10-11-2023,"Narendra Modi Stadium, Ahmedabad",2,2.5,South Africa,Afghanistan,Q de Kock,T Bavuma,Mujeeb Ur Rahman,1,0,,,,,,,,,
1384433,2023/24,10-11-2023,"Narendra Modi Stadium, Ahmedabad",2,2.6,South Africa,Afghanistan,T Bavuma,Q de Kock,Mujeeb Ur Rahman,0,0,,,,,,,,,
1384433,2023/24,10-11-2023,"Narendra Modi Stadium, Ahmedabad",2,3.1,South Africa,Afghanistan,Q de Kock,T Bavuma,Naveen-ul-Haq,0,0,,,,,,,,,
1384433,2023/24,10-11-2023,"Narendra Modi Stadium, Ahmedabad",2,3.2,South Africa,Afghanistan,Q de Kock,T Bavuma,Naveen-ul-Haq,0,0,,,,,,,,,
1384433,2023/24,10-11-2023,"Narendra Modi Stadium, Ahmedabad",2,3.3,South Africa,Afghanistan,Q de Kock,T Bavuma,Naveen-ul-Haq,1,0,,,,,,,,,
1384433,2023/24,10-11-2023,"Narendra Modi Stadium, Ahmedabad",2,3.4,South Africa,Afghanistan,T Bavuma,Q de Kock,Naveen-ul-Haq,1,0,,,,,,,,,
1384433,2023/24,10-11-2023,"Narendra Modi Stadium, Ahmedabad",2,3.5,South Africa,Afghanistan,Q de Kock,T Bavuma,Naveen-ul-Haq,0,0,,,,,,,,,
1384433,2023/24,10-11-2023,"Narendra Modi Stadium, Ahmedabad",2,3.6,South Africa,Afghanistan,Q de Kock,T Bavuma,Naveen-ul-Haq,2,0,,,,,,,,,
1384433,2023/24,10-11-2023,"Narendra Modi Stadium, Ahmedabad",2,4.1,South Africa,Afghanistan,T Bavuma,Q de Kock,Mohammad Nabi,0,0,,,,,,,,,
1384433,2023/24,10-11-2023,"Narendra Modi Stadium, Ahmedabad",2,4.2,South Africa,Afghanistan,T Bavuma,Q de Kock,Mohammad Nabi,0,0,,,,,,,,,
1384433,2023/24,10-11-2023,"Narendra Modi Stadium, Ahmedabad",2,4.3,South Africa,Afghanistan,T Bavuma,Q de Kock,Mohammad Nabi,1,0,,,,,,,,,
1384433,2023/24,10-11-2023,"Narendra Modi Stadium, Ahmedabad",2,4.4,South Africa,Afghanistan,Q de Kock,T Bavuma,Mohammad Nabi,0,0,,,,,,,,,
1384433,2023/24,10-11-2023,"Narendra Modi Stadium, Ahmedabad",2,4.5,South Africa,Afghanistan,Q de Kock,T Bavuma,Mohammad Nabi,4,0,,,,,,,,,
1384433,2023/24,10-11-2023,"Narendra Modi Stadium, Ahmedabad",2,4.6,South Africa,Afghanistan,Q de Kock,T Bavuma,Mohammad Nabi,0,0,,,,,,,,,
1384433,2023/24,10-11-2023,"Narendra Modi Stadium, Ahmedabad",2,5.1,South Africa,Afghanistan,T Bavuma,Q de Kock,Naveen-ul-Haq,0,0,,,,,,,,,
1384433,2023/24,10-11-2023,"Narendra Modi Stadium, Ahmedabad",2,5.2,South Africa,Afghanistan,T Bavuma,Q de Kock,Naveen-ul-Haq,4,0,,,,,,,,,
1384433,2023/24,10-11-2023,"Narendra Modi Stadium, Ahmedabad",2,5.3,South Africa,Afghanistan,T Bavuma,Q de Kock,Naveen-ul-Haq,1,0,,,,,,,,,
1384433,2023/24,10-11-2023,"Narendra Modi Stadium, Ahmedabad",2,5.4,South Africa,Afghanistan,Q de Kock,T Bavuma,Naveen-ul-Haq,1,0,,,,,,,,,
1384433,2023/24,10-11-2023,"Narendra Modi Stadium, Ahmedabad",2,5.5,South Africa,Afghanistan,T Bavuma,Q de Kock,Naveen-ul-Haq,1,0,,,,,,,,,
1384433,2023/24,10-11-2023,"Narendra Modi Stadium, Ahmedabad",2,5.6,South Africa,Afghanistan,Q de Kock,T Bavuma,Naveen-ul-Haq,0,0,,,,,,,,,
1384433,2023/24,10-11-2023,"Narendra Modi Stadium, Ahmedabad",2,6.1,South Africa,Afghanistan,T Bavuma,Q de Kock,Mohammad Nabi,1,0,,,,,,,,,
1384433,2023/24,10-11-2023,"Narendra Modi Stadium, Ahmedabad",2,6.2,South Africa,Afghanistan,Q de Kock,T Bavuma,Mohammad Nabi,0,0,,,,,,,,,
1384433,2023/24,10-11-2023,"Narendra Modi Stadium, Ahmedabad",2,6.3,South Africa,Afghanistan,Q de Kock,T Bavuma,Mohammad Nabi,0,0,,,,,,,,,
1384433,2023/24,10-11-2023,"Narendra Modi Stadium, Ahmedabad",2,6.4,South Africa,Afghanistan,Q de Kock,T Bavuma,Mohammad Nabi,0,0,,,,,,,,,
1384433,2023/24,10-11-2023,"Narendra Modi Stadium, Ahmedabad",2,6.5,South Africa,Afghanistan,Q de Kock,T Bavuma,Mohammad Nabi,0,0,,,,,,,,,
1384433,2023/24,10-11-2023,"Narendra Modi Stadium, Ahmedabad",2,6.6,South Africa,Afghanistan,Q de Kock,T Bavuma,Mohammad Nabi,1,0,,,,,,,,,
1384433,2023/24,10-11-2023,"Narendra Modi Stadium, Ahmedabad",2,7.1,South Africa,Afghanistan,Q de Kock,T Bavuma,Naveen-ul-Haq,6,0,,,,,,,,,
1384433,2023/24,10-11-2023,"Narendra Modi Stadium, Ahmedabad",2,7.2,South Africa,Afghanistan,Q de Kock,T Bavuma,Naveen-ul-Haq,1,0,,,,,,,,,
1384433,2023/24,10-11-2023,"Narendra Modi Stadium, Ahmedabad",2,7.3,South Africa,Afghanistan,T Bavuma,Q de Kock,Naveen-ul-Haq,1,0,,,,,,,,,
1384433,2023/24,10-11-2023,"Narendra Modi Stadium, Ahmedabad",2,7.4,South Africa,Afghanistan,Q de Kock,T Bavuma,Naveen-ul-Haq,0,0,,,,,,,,,
1384433,2023/24,10-11-2023,"Narendra Modi Stadium, Ahmedabad",2,7.5,South Africa,Afghanistan,Q de Kock,T Bavuma,Naveen-ul-Haq,0,0,,,,,,,,,
1384433,2023/24,10-11-2023,"Narendra Modi Stadium, Ahmedabad",2,7.6,South Africa,Afghanistan,Q de Kock,T Bavuma,Naveen-ul-Haq,0,0,,,,,,,,,
1384433,2023/24,10-11-2023,"Narendra Modi Stadium, Ahmedabad",2,8.1,South Africa,Afghanistan,T Bavuma,Q de Kock,Mohammad Nabi,1,0,,,,,,,,,
1384433,2023/24,10-11-2023,"Narendra Modi Stadium, Ahmedabad",2,8.2,South Africa,Afghanistan,Q de Kock,T Bavuma,Mohammad Nabi,1,0,,,,,,,,,
1384433,2023/24,10-11-2023,"Narendra Modi Stadium, Ahmedabad",2,8.3,South Africa,Afghanistan,T Bavuma,Q de Kock,Mohammad Nabi,4,0,,,,,,,,,
1384433,2023/24,10-11-2023,"Narendra Modi Stadium, Ahmedabad",2,8.4,South Africa,Afghanistan,T Bavuma,Q de Kock,Mohammad Nabi,0,0,,,,,,,,,
1384433,2023/24,10-11-2023,"Narendra Modi Stadium, Ahmedabad",2,8.5,South Africa,Afghanistan,T Bavuma,Q de Kock,Mohammad Nabi,1,0,,,,,,,,,
1384433,2023/24,10-11-2023,"Narendra Modi Stadium, Ahmedabad",2,8.6,South Africa,Afghanistan,Q de Kock,T Bavuma,Mohammad Nabi,1,0,,,,,,,,,
1384433,2023/24,10-11-2023,"Narendra Modi Stadium, Ahmedabad",2,9.1,South Africa,Afghanistan,Q de Kock,T Bavuma,Azmatullah Omarzai,0,0,,,,,,,,,
1384433,2023/24,10-11-2023,"Narendra Modi Stadium, Ahmedabad",2,9.2,South Africa,Afghanistan,Q de Kock,T Bavuma,Azmatullah Omarzai,1,0,,,,,,,,,
1384433,2023/24,10-11-2023,"Narendra Modi Stadium, Ahmedabad",2,9.3,South Africa,Afghanistan,T Bavuma,Q de Kock,Azmatullah Omarzai,0,0,,,,,,,,,
1384433,2023/24,10-11-2023,"Narendra Modi Stadium, Ahmedabad",2,9.4,South Africa,Afghanistan,T Bavuma,Q de Kock,Azmatullah Omarzai,1,0,,,,,,,,,
1384433,2023/24,10-11-2023,"Narendra Modi Stadium, Ahmedabad",2,9.5,South Africa,Afghanistan,Q de Kock,T Bavuma,Azmatullah Omarzai,6,0,,,,,,,,,
1384433,2023/24,10-11-2023,"Narendra Modi Stadium, Ahmedabad",2,9.6,South Africa,Afghanistan,Q de Kock,T Bavuma,Azmatullah Omarzai,0,0,,,,,,,,,
1384433,2023/24,10-11-2023,"Narendra Modi Stadium, Ahmedabad",2,10.1,South Africa,Afghanistan,T Bavuma,Q de Kock,Mujeeb Ur Rahman,1,0,,,,,,,,,
1384433,2023/24,10-11-2023,"Narendra Modi Stadium, Ahmedabad",2,10.2,South Africa,Afghanistan,Q de Kock,T Bavuma,Mujeeb Ur Rahman,1,0,,,,,,,,,
1384433,2023/24,10-11-2023,"Narendra Modi Stadium, Ahmedabad",2,10.3,South Africa,Afghanistan,T Bavuma,Q de Kock,Mujeeb Ur Rahman,4,0,,,,,,,,,
1384433,2023/24,10-11-2023,"Narendra Modi Stadium, Ahmedabad",2,10.4,South Africa,Afghanistan,T Bavuma,Q de Kock,Mujeeb Ur Rahman,0,0,,,,,,,,,
1384433,2023/24,10-11-2023,"Narendra Modi Stadium, Ahmedabad",2,10.5,South Africa,Afghanistan,T Bavuma,Q de Kock,Mujeeb Ur Rahman,0,0,,,,,,,,,
1384433,2023/24,10-11-2023,"Narendra Modi Stadium, Ahmedabad",2,10.6,South Africa,Afghanistan,T Bavuma,Q de Kock,Mujeeb Ur Rahman,0,1,1,,,,,,,,
1384433,2023/24,10-11-2023,"Narendra Modi Stadium, Ahmedabad",2,10.7,South Africa,Afghanistan,T Bavuma,Q de Kock,Mujeeb Ur Rahman,0,0,,,,,,caught,T Bavuma,,
1384433,2023/24,10-11-2023,"Narendra Modi Stadium, Ahmedabad",2,11.1,South Africa,Afghanistan,Q de Kock,HE van der Dussen,Mohammad Nabi,0,0,,,,,,,,,
1384433,2023/24,10-11-2023,"Narendra Modi Stadium, Ahmedabad",2,11.2,South Africa,Afghanistan,Q de Kock,HE van der Dussen,Mohammad Nabi,0,0,,,,,,,,,
1384433,2023/24,10-11-2023,"Narendra Modi Stadium, Ahmedabad",2,11.3,South Africa,Afghanistan,Q de Kock,HE van der Dussen,Mohammad Nabi,0,0,,,,,,,,,
1384433,2023/24,10-11-2023,"Narendra Modi Stadium, Ahmedabad",2,11.4,South Africa,Afghanistan,Q de Kock,HE van der Dussen,Mohammad Nabi,0,0,,,,,,,,,
1384433,2023/24,10-11-2023,"Narendra Modi Stadium, Ahmedabad",2,11.5,South Africa,Afghanistan,Q de Kock,HE van der Dussen,Mohammad Nabi,0,0,,,,,,,,,
1384433,2023/24,10-11-2023,"Narendra Modi Stadium, Ahmedabad",2,11.6,South Africa,Afghanistan,Q de Kock,HE van der Dussen,Mohammad Nabi,0,0,,,,,,,,,
1384433,2023/24,10-11-2023,"Narendra Modi Stadium, Ahmedabad",2,12.1,South Africa,Afghanistan,HE van der Dussen,Q de Kock,Mujeeb Ur Rahman,1,0,,,,,,,,,
1384433,2023/24,10-11-2023,"Narendra Modi Stadium, Ahmedabad",2,12.2,South Africa,Afghanistan,Q de Kock,HE van der Dussen,Mujeeb Ur Rahman,0,0,,,,,,,,,
1384433,2023/24,10-11-2023,"Narendra Modi Stadium, Ahmedabad",2,12.3,South Africa,Afghanistan,Q de Kock,HE van der Dussen,Mujeeb Ur Rahman,1,0,,,,,,,,,
1384433,2023/24,10-11-2023,"Narendra Modi Stadium, Ahmedabad",2,12.4,South Africa,Afghanistan,HE van der Dussen,Q de Kock,Mujeeb Ur Rahman,0,0,,,,,,,,,
1384433,2023/24,10-11-2023,"Narendra Modi Stadium, Ahmedabad",2,12.5,South Africa,Afghanistan,HE van der Dussen,Q de Kock,Mujeeb Ur Rahman,0,0,,,,,,,,,
1384433,2023/24,10-11-2023,"Narendra Modi Stadium, Ahmedabad",2,12.6,South Africa,Afghanistan,HE van der Dussen,Q de Kock,Mujeeb Ur Rahman,0,0,,,,,,,,,
1384433,2023/24,10-11-2023,"Narendra Modi Stadium, Ahmedabad",2,13.1,South Africa,Afghanistan,Q de Kock,HE van der Dussen,Mohammad Nabi,0,0,,,,,,lbw,Q de Kock,,
1384433,2023/24,10-11-2023,"Narendra Modi Stadium, Ahmedabad",2,13.2,South Africa,Afghanistan,AK Markram,HE van der Dussen,Mohammad Nabi,0,0,,,,,,,,,
1384433,2023/24,10-11-2023,"Narendra Modi Stadium, Ahmedabad",2,13.3,South Africa,Afghanistan,AK Markram,HE van der Dussen,Mohammad Nabi,0,0,,,,,,,,,
1384433,2023/24,10-11-2023,"Narendra Modi Stadium, Ahmedabad",2,13.4,South Africa,Afghanistan,AK Markram,HE van der Dussen,Mohammad Nabi,2,0,,,,,,,,,
1384433,2023/24,10-11-2023,"Narendra Modi Stadium, Ahmedabad",2,13.5,South Africa,Afghanistan,AK Markram,HE van der Dussen,Mohammad Nabi,0,0,,,,,,,,,
1384433,2023/24,10-11-2023,"Narendra Modi Stadium, Ahmedabad",2,13.6,South Africa,Afghanistan,AK Markram,HE van der Dussen,Mohammad Nabi,1,0,,,,,,,,,
1384433,2023/24,10-11-2023,"Narendra Modi Stadium, Ahmedabad",2,14.1,South Africa,Afghanistan,AK Markram,HE van der Dussen,Mujeeb Ur Rahman,1,0,,,,,,,,,
1384433,2023/24,10-11-2023,"Narendra Modi Stadium, Ahmedabad",2,14.2,South Africa,Afghanistan,HE van der Dussen,AK Markram,Mujeeb Ur Rahman,4,0,,,,,,,,,
1384433,2023/24,10-11-2023,"Narendra Modi Stadium, Ahmedabad",2,14.3,South Africa,Afghanistan,HE van der Dussen,AK Markram,Mujeeb Ur Rahman,0,0,,,,,,,,,
1384433,2023/24,10-11-2023,"Narendra Modi Stadium, Ahmedabad",2,14.4,South Africa,Afghanistan,HE van der Dussen,AK Markram,Mujeeb Ur Rahman,0,0,,,,,,,,,
1384433,2023/24,10-11-2023,"Narendra Modi Stadium, Ahmedabad",2,14.5,South Africa,Afghanistan,HE van der Dussen,AK Markram,Mujeeb Ur Rahman,0,0,,,,,,,,,
1384433,2023/24,10-11-2023,"Narendra Modi Stadium, Ahmedabad",2,14.6,South Africa,Afghanistan,HE van der Dussen,AK Markram,Mujeeb Ur Rahman,1,0,,,,,,,,,
1384433,2023/24,10-11-2023,"Narendra Modi Stadium, Ahmedabad",2,15.1,South Africa,Afghanistan,HE van der Dussen,AK Markram,Rashid Khan,1,0,,,,,,,,,
1384433,2023/24,10-11-2023,"Narendra Modi Stadium, Ahmedabad",2,15.2,South Africa,Afghanistan,AK Markram,HE van der Dussen,Rashid Khan,0,0,,,,,,,,,
1384433,2023/24,10-11-2023,"Narendra Modi Stadium, Ahmedabad",2,15.3,South Africa,Afghanistan,AK Markram,HE van der Dussen,Rashid Khan,1,0,,,,,,,,,
1384433,2023/24,10-11-2023,"Narendra Modi Stadium, Ahmedabad",2,15.4,South Africa,Afghanistan,HE van der Dussen,AK Markram,Rashid Khan,0,0,,,,,,,,,
1384433,2023/24,10-11-2023,"Narendra Modi Stadium, Ahmedabad",2,15.5,South Africa,Afghanistan,HE van der Dussen,AK Markram,Rashid Khan,0,0,,,,,,,,,
1384433,2023/24,10-11-2023,"Narendra Modi Stadium, Ahmedabad",2,15.6,South Africa,Afghanistan,HE van der Dussen,AK Markram,Rashid Khan,0,0,,,,,,,,,
1384433,2023/24,10-11-2023,"Narendra Modi Stadium, Ahmedabad",2,16.1,South Africa,Afghanistan,AK Markram,HE van der Dussen,Mujeeb Ur Rahman,0,0,,,,,,,,,
1384433,2023/24,10-11-2023,"Narendra Modi Stadium, Ahmedabad",2,16.2,South Africa,Afghanistan,AK Markram,HE van der Dussen,Mujeeb Ur Rahman,0,0,,,,,,,,,
1384433,2023/24,10-11-2023,"Narendra Modi Stadium, Ahmedabad",2,16.3,South Africa,Afghanistan,AK Markram,HE van der Dussen,Mujeeb Ur Rahman,0,0,,,,,,,,,
1384433,2023/24,10-11-2023,"Narendra Modi Stadium, Ahmedabad",2,16.4,South Africa,Afghanistan,AK Markram,HE van der Dussen,Mujeeb Ur Rahman,0,0,,,,,,,,,
1384433,2023/24,10-11-2023,"Narendra Modi Stadium, Ahmedabad",2,16.5,South Africa,Afghanistan,AK Markram,HE van der Dussen,Mujeeb Ur Rahman,0,0,,,,,,,,,
1384433,2023/24,10-11-2023,"Narendra Modi Stadium, Ahmedabad",2,16.6,South Africa,Afghanistan,AK Markram,HE van der Dussen,Mujeeb Ur Rahman,6,0,,,,,,,,,
1384433,2023/24,10-11-2023,"Narendra Modi Stadium, Ahmedabad",2,17.1,South Africa,Afghanistan,HE van der Dussen,AK Markram,Rashid Khan,1,0,,,,,,,,,
1384433,2023/24,10-11-2023,"Narendra Modi Stadium, Ahmedabad",2,17.2,South Africa,Afghanistan,AK Markram,HE van der Dussen,Rashid Khan,0,0,,,,,,,,,
1384433,2023/24,10-11-2023,"Narendra Modi Stadium, Ahmedabad",2,17.3,South Africa,Afghanistan,AK Markram,HE van der Dussen,Rashid Khan,0,0,,,,,,,,,
1384433,2023/24,10-11-2023,"Narendra Modi Stadium, Ahmedabad",2,17.4,South Africa,Afghanistan,AK Markram,HE van der Dussen,Rashid Khan,0,0,,,,,,,,,
1384433,2023/24,10-11-2023,"Narendra Modi Stadium, Ahmedabad",2,17.5,South Africa,Afghanistan,AK Markram,HE van der Dussen,Rashid Khan,1,0,,,,,,,,,
1384433,2023/24,10-11-2023,"Narendra Modi Stadium, Ahmedabad",2,17.6,South Africa,Afghanistan,HE van der Dussen,AK Markram,Rashid Khan,0,0,,,,,,,,,
1384433,2023/24,10-11-2023,"Narendra Modi Stadium, Ahmedabad",2,18.1,South Africa,Afghanistan,AK Markram,HE van der Dussen,Noor Ahmad,4,0,,,,,,,,,
1384433,2023/24,10-11-2023,"Narendra Modi Stadium, Ahmedabad",2,18.2,South Africa,Afghanistan,AK Markram,HE van der Dussen,Noor Ahmad,1,0,,,,,,,,,
1384433,2023/24,10-11-2023,"Narendra Modi Stadium, Ahmedabad",2,18.3,South Africa,Afghanistan,HE van der Dussen,AK Markram,Noor Ahmad,0,0,,,,,,,,,
1384433,2023/24,10-11-2023,"Narendra Modi Stadium, Ahmedabad",2,18.4,South Africa,Afghanistan,HE van der Dussen,AK Markram,Noor Ahmad,1,0,,,,,,,,,
1384433,2023/24,10-11-2023,"Narendra Modi Stadium, Ahmedabad",2,18.5,South Africa,Afghanistan,AK Markram,HE van der Dussen,Noor Ahmad,1,0,,,,,,,,,
1384433,2023/24,10-11-2023,"Narendra Modi Stadium, Ahmedabad",2,18.6,South Africa,Afghanistan,HE van der Dussen,AK Markram,Noor Ahmad,2,0,,,,,,,,,
1384433,2023/24,10-11-2023,"Narendra Modi Stadium, Ahmedabad",2,19.1,South Africa,Afghanistan,AK Markram,HE van der Dussen,Rashid Khan,1,0,,,,,,,,,
1384433,2023/24,10-11-2023,"Narendra Modi Stadium, Ahmedabad",2,19.2,South Africa,Afghanistan,HE van der Dussen,AK Markram,Rashid Khan,1,0,,,,,,,,,
1384433,2023/24,10-11-2023,"Narendra Modi Stadium, Ahmedabad",2,19.3,South Africa,Afghanistan,AK Markram,HE van der Dussen,Rashid Khan,0,0,,,,,,,,,
1384433,2023/24,10-11-2023,"Narendra Modi Stadium, Ahmedabad",2,19.4,South Africa,Afghanistan,AK Markram,HE van der Dussen,Rashid Khan,3,0,,,,,,,,,
1384433,2023/24,10-11-2023,"Narendra Modi Stadium, Ahmedabad",2,19.5,South Africa,Afghanistan,HE van der Dussen,AK Markram,Rashid Khan,0,0,,,,,,,,,
1384433,2023/24,10-11-2023,"Narendra Modi Stadium, Ahmedabad",2,19.6,South Africa,Afghanistan,HE van der Dussen,AK Markram,Rashid Khan,0,0,,,,,,,,,
1384433,2023/24,10-11-2023,"Narendra Modi Stadium, Ahmedabad",2,20.1,South Africa,Afghanistan,AK Markram,HE van der Dussen,Noor Ahmad,1,0,,,,,,,,,
1384433,2023/24,10-11-2023,"Narendra Modi Stadium, Ahmedabad",2,20.2,South Africa,Afghanistan,HE van der Dussen,AK Markram,Noor Ahmad,1,0,,,,,,,,,
1384433,2023/24,10-11-2023,"Narendra Modi Stadium, Ahmedabad",2,20.3,South Africa,Afghanistan,AK Markram,HE van der Dussen,Noor Ahmad,0,1,,,,1,,,,,
1384433,2023/24,10-11-2023,"Narendra Modi Stadium, Ahmedabad",2,20.4,South Africa,Afghanistan,HE van der Dussen,AK Markram,Noor Ahmad,0,0,,,,,,,,,
1384433,2023/24,10-11-2023,"Narendra Modi Stadium, Ahmedabad",2,20.5,South Africa,Afghanistan,HE van der Dussen,AK Markram,Noor Ahmad,2,0,,,,,,,,,
1384433,2023/24,10-11-2023,"Narendra Modi Stadium, Ahmedabad",2,20.6,South Africa,Afghanistan,HE van der Dussen,AK Markram,Noor Ahmad,1,0,,,,,,,,,
1384433,2023/24,10-11-2023,"Narendra Modi Stadium, Ahmedabad",2,21.1,South Africa,Afghanistan,HE van der Dussen,AK Markram,Rashid Khan,6,0,,,,,,,,,
1384433,2023/24,10-11-2023,"Narendra Modi Stadium, Ahmedabad",2,21.2,South Africa,Afghanistan,HE van der Dussen,AK Markram,Rashid Khan,0,0,,,,,,,,,
1384433,2023/24,10-11-2023,"Narendra Modi Stadium, Ahmedabad",2,21.3,South Africa,Afghanistan,HE van der Dussen,AK Markram,Rashid Khan,1,0,,,,,,,,,
1384433,2023/24,10-11-2023,"Narendra Modi Stadium, Ahmedabad",2,21.4,South Africa,Afghanistan,AK Markram,HE van der Dussen,Rashid Khan,1,0,,,,,,,,,
1384433,2023/24,10-11-2023,"Narendra Modi Stadium, Ahmedabad",2,21.5,South Africa,Afghanistan,HE van der Dussen,AK Markram,Rashid Khan,1,0,,,,,,,,,
1384433,2023/24,10-11-2023,"Narendra Modi Stadium, Ahmedabad",2,21.6,South Africa,Afghanistan,AK Markram,HE van der Dussen,Rashid Khan,0,0,,,,,,,,,
1384433,2023/24,10-11-2023,"Narendra Modi Stadium, Ahmedabad",2,22.1,South Africa,Afghanistan,HE van der Dussen,AK Markram,Noor Ahmad,0,1,,,,1,,,,,
1384433,2023/24,10-11-2023,"Narendra Modi Stadium, Ahmedabad",2,22.2,South Africa,Afghanistan,AK Markram,HE van der Dussen,Noor Ahmad,0,0,,,,,,,,,
1384433,2023/24,10-11-2023,"Narendra Modi Stadium, Ahmedabad",2,22.3,South Africa,Afghanistan,AK Markram,HE van der Dussen,Noor Ahmad,0,0,,,,,,,,,
1384433,2023/24,10-11-2023,"Narendra Modi Stadium, Ahmedabad",2,22.4,South Africa,Afghanistan,AK Markram,HE van der Dussen,Noor Ahmad,1,0,,,,,,,,,
1384433,2023/24,10-11-2023,"Narendra Modi Stadium, Ahmedabad",2,22.5,South Africa,Afghanistan,HE van der Dussen,AK Markram,Noor Ahmad,0,0,,,,,,,,,
1384433,2023/24,10-11-2023,"Narendra Modi Stadium, Ahmedabad",2,22.6,South Africa,Afghanistan,HE van der Dussen,AK Markram,Noor Ahmad,0,0,,,,,,,,,
1384433,2023/24,10-11-2023,"Narendra Modi Stadium, Ahmedabad",2,23.1,South Africa,Afghanistan,AK Markram,HE van der Dussen,Rashid Khan,0,0,,,,,,caught,AK Markram,,
1384433,2023/24,10-11-2023,"Narendra Modi Stadium, Ahmedabad",2,23.2,South Africa,Afghanistan,H Klaasen,HE van der Dussen,Rashid Khan,1,0,,,,,,,,,
1384433,2023/24,10-11-2023,"Narendra Modi Stadium, Ahmedabad",2,23.3,South Africa,Afghanistan,HE van der Dussen,H Klaasen,Rashid Khan,4,0,,,,,,,,,
1384433,2023/24,10-11-2023,"Narendra Modi Stadium, Ahmedabad",2,23.4,South Africa,Afghanistan,HE van der Dussen,H Klaasen,Rashid Khan,4,0,,,,,,,,,
1384433,2023/24,10-11-2023,"Narendra Modi Stadium, Ahmedabad",2,23.5,South Africa,Afghanistan,HE van der Dussen,H Klaasen,Rashid Khan,0,0,,,,,,,,,
1384433,2023/24,10-11-2023,"Narendra Modi Stadium, Ahmedabad",2,23.6,South Africa,Afghanistan,HE van der Dussen,H Klaasen,Rashid Khan,1,0,,,,,,,,,
1384433,2023/24,10-11-2023,"Narendra Modi Stadium, Ahmedabad",2,24.1,South Africa,Afghanistan,HE van der Dussen,H Klaasen,Noor Ahmad,0,0,,,,,,,,,
1384433,2023/24,10-11-2023,"Narendra Modi Stadium, Ahmedabad",2,24.2,South Africa,Afghanistan,HE van der Dussen,H Klaasen,Noor Ahmad,0,1,1,,,,,,,,
1384433,2023/24,10-11-2023,"Narendra Modi Stadium, Ahmedabad",2,24.3,South Africa,Afghanistan,HE van der Dussen,H Klaasen,Noor Ahmad,1,0,,,,,,,,,
1384433,2023/24,10-11-2023,"Narendra Modi Stadium, Ahmedabad",2,24.4,South Africa,Afghanistan,H Klaasen,HE van der Dussen,Noor Ahmad,0,0,,,,,,,,,
1384433,2023/24,10-11-2023,"Narendra Modi Stadium, Ahmedabad",2,24.5,South Africa,Afghanistan,H Klaasen,HE van der Dussen,Noor Ahmad,0,0,,,,,,,,,
1384433,2023/24,10-11-2023,"Narendra Modi Stadium, Ahmedabad",2,24.6,South Africa,Afghanistan,H Klaasen,HE van der Dussen,Noor Ahmad,0,0,,,,,,,,,
1384433,2023/24,10-11-2023,"Narendra Modi Stadium, Ahmedabad",2,24.7,South Africa,Afghanistan,H Klaasen,HE van der Dussen,Noor Ahmad,4,0,,,,,,,,,
1384433,2023/24,10-11-2023,"Narendra Modi Stadium, Ahmedabad",2,25.1,South Africa,Afghanistan,HE van der Dussen,H Klaasen,Rashid Khan,1,0,,,,,,,,,
1384433,2023/24,10-11-2023,"Narendra Modi Stadium, Ahmedabad",2,25.2,South Africa,Afghanistan,H Klaasen,HE van der Dussen,Rashid Khan,1,0,,,,,,,,,
1384433,2023/24,10-11-2023,"Narendra Modi Stadium, Ahmedabad",2,25.3,South Africa,Afghanistan,HE van der Dussen,H Klaasen,Rashid Khan,0,0,,,,,,,,,
1384433,2023/24,10-11-2023,"Narendra Modi Stadium, Ahmedabad",2,25.4,South Africa,Afghanistan,HE van der Dussen,H Klaasen,Rashid Khan,0,0,,,,,,,,,
1384433,2023/24,10-11-2023,"Narendra Modi Stadium, Ahmedabad",2,25.5,South Africa,Afghanistan,HE van der Dussen,H Klaasen,Rashid Khan,0,0,,,,,,,,,
1384433,2023/24,10-11-2023,"Narendra Modi Stadium, Ahmedabad",2,25.6,South Africa,Afghanistan,HE van der Dussen,H Klaasen,Rashid Khan,0,0,,,,,,,,,
1384433,2023/24,10-11-2023,"Narendra Modi Stadium, Ahmedabad",2,26.1,South Africa,Afghanistan,H Klaasen,HE van der Dussen,Noor Ahmad,1,0,,,,,,,,,
1384433,2023/24,10-11-2023,"Narendra Modi Stadium, Ahmedabad",2,26.2,South Africa,Afghanistan,HE van der Dussen,H Klaasen,Noor Ahmad,1,0,,,,,,,,,
1384433,2023/24,10-11-2023,"Narendra Modi Stadium, Ahmedabad",2,26.3,South Africa,Afghanistan,H Klaasen,HE van der Dussen,Noor Ahmad,0,0,,,,,,,,,
1384433,2023/24,10-11-2023,"Narendra Modi Stadium, Ahmedabad",2,26.4,South Africa,Afghanistan,H Klaasen,HE van der Dussen,Noor Ahmad,2,0,,,,,,,,,
1384433,2023/24,10-11-2023,"Narendra Modi Stadium, Ahmedabad",2,26.5,South Africa,Afghanistan,H Klaasen,HE van der Dussen,Noor Ahmad,1,0,,,,,,,,,
1384433,2023/24,10-11-2023,"Narendra Modi Stadium, Ahmedabad",2,26.6,South Africa,Afghanistan,HE van der Dussen,H Klaasen,Noor Ahmad,0,0,,,,,,,,,
1384433,2023/24,10-11-2023,"Narendra Modi Stadium, Ahmedabad",2,27.1,South Africa,Afghanistan,H Klaasen,HE van der Dussen,Rashid Khan,0,0,,,,,,,,,
1384433,2023/24,10-11-2023,"Narendra Modi Stadium, Ahmedabad",2,27.2,South Africa,Afghanistan,H Klaasen,HE van der Dussen,Rashid Khan,0,0,,,,,,,,,
1384433,2023/24,10-11-2023,"Narendra Modi Stadium, Ahmedabad",2,27.3,South Africa,Afghanistan,H Klaasen,HE van der Dussen,Rashid Khan,0,0,,,,,,bowled,H Klaasen,,
1384433,2023/24,10-11-2023,"Narendra Modi Stadium, Ahmedabad",2,27.4,South Africa,Afghanistan,DA Miller,HE van der Dussen,Rashid Khan,0,0,,,,,,,,,
1384433,2023/24,10-11-2023,"Narendra Modi Stadium, Ahmedabad",2,27.5,South Africa,Afghanistan,DA Miller,HE van der Dussen,Rashid Khan,0,0,,,,,,,,,
1384433,2023/24,10-11-2023,"Narendra Modi Stadium, Ahmedabad",2,27.6,South Africa,Afghanistan,DA Miller,HE van der Dussen,Rashid Khan,0,1,,,,1,,,,,
1384433,2023/24,10-11-2023,"Narendra Modi Stadium, Ahmedabad",2,28.1,South Africa,Afghanistan,DA Miller,HE van der Dussen,Noor Ahmad,0,0,,,,,,,,,
1384433,2023/24,10-11-2023,"Narendra Modi Stadium, Ahmedabad",2,28.2,South Africa,Afghanistan,DA Miller,HE van der Dussen,Noor Ahmad,0,0,,,,,,,,,
1384433,2023/24,10-11-2023,"Narendra Modi Stadium, Ahmedabad",2,28.3,South Africa,Afghanistan,DA Miller,HE van der Dussen,Noor Ahmad,0,0,,,,,,,,,
1384433,2023/24,10-11-2023,"Narendra Modi Stadium, Ahmedabad",2,28.4,South Africa,Afghanistan,DA Miller,HE van der Dussen,Noor Ahmad,2,0,,,,,,,,,
1384433,2023/24,10-11-2023,"Narendra Modi Stadium, Ahmedabad",2,28.5,South Africa,Afghanistan,DA Miller,HE van der Dussen,Noor Ahmad,1,0,,,,,,,,,
1384433,2023/24,10-11-2023,"Narendra Modi Stadium, Ahmedabad",2,28.6,South Africa,Afghanistan,HE van der Dussen,DA Miller,Noor Ahmad,1,0,,,,,,,,,
1384433,2023/24,10-11-2023,"Narendra Modi Stadium, Ahmedabad",2,29.1,South Africa,Afghanistan,HE van der Dussen,DA Miller,Rashid Khan,0,0,,,,,,,,,
1384433,2023/24,10-11-2023,"Narendra Modi Stadium, Ahmedabad",2,29.2,South Africa,Afghanistan,HE van der Dussen,DA Miller,Rashid Khan,0,0,,,,,,,,,
1384433,2023/24,10-11-2023,"Narendra Modi Stadium, Ahmedabad",2,29.3,South Africa,Afghanistan,HE van der Dussen,DA Miller,Rashid Khan,0,0,,,,,,,,,
1384433,2023/24,10-11-2023,"Narendra Modi Stadium, Ahmedabad",2,29.4,South Africa,Afghanistan,HE van der Dussen,DA Miller,Rashid Khan,1,0,,,,,,,,,
1384433,2023/24,10-11-2023,"Narendra Modi Stadium, Ahmedabad",2,29.5,South Africa,Afghanistan,DA Miller,HE van der Dussen,Rashid Khan,0,0,,,,,,,,,
1384433,2023/24,10-11-2023,"Narendra Modi Stadium, Ahmedabad",2,29.6,South Africa,Afghanistan,DA Miller,HE van der Dussen,Rashid Khan,0,0,,,,,,,,,
1384433,2023/24,10-11-2023,"Narendra Modi Stadium, Ahmedabad",2,30.1,South Africa,Afghanistan,HE van der Dussen,DA Miller,Mujeeb Ur Rahman,1,0,,,,,,,,,
1384433,2023/24,10-11-2023,"Narendra Modi Stadium, Ahmedabad",2,30.2,South Africa,Afghanistan,DA Miller,HE van der Dussen,Mujeeb Ur Rahman,4,0,,,,,,,,,
1384433,2023/24,10-11-2023,"Narendra Modi Stadium, Ahmedabad",2,30.3,South Africa,Afghanistan,DA Miller,HE van der Dussen,Mujeeb Ur Rahman,0,0,,,,,,,,,
1384433,2023/24,10-11-2023,"Narendra Modi Stadium, Ahmedabad",2,30.4,South Africa,Afghanistan,DA Miller,HE van der Dussen,Mujeeb Ur Rahman,0,0,,,,,,,,,
1384433,2023/24,10-11-2023,"Narendra Modi Stadium, Ahmedabad",2,30.5,South Africa,Afghanistan,DA Miller,HE van der Dussen,Mujeeb Ur Rahman,0,0,,,,,,,,,
1384433,2023/24,10-11-2023,"Narendra Modi Stadium, Ahmedabad",2,30.6,South Africa,Afghanistan,DA Miller,HE van der Dussen,Mujeeb Ur Rahman,1,0,,,,,,,,,
1384433,2023/24,10-11-2023,"Narendra Modi Stadium, Ahmedabad",2,31.1,South Africa,Afghanistan,DA Miller,HE van der Dussen,Mohammad Nabi,0,0,,,,,,,,,
1384433,2023/24,10-11-2023,"Narendra Modi Stadium, Ahmedabad",2,31.2,South Africa,Afghanistan,DA Miller,HE van der Dussen,Mohammad Nabi,1,0,,,,,,,,,
1384433,2023/24,10-11-2023,"Narendra Modi Stadium, Ahmedabad",2,31.3,South Africa,Afghanistan,HE van der Dussen,DA Miller,Mohammad Nabi,4,0,,,,,,,,,
1384433,2023/24,10-11-2023,"Narendra Modi Stadium, Ahmedabad",2,31.4,South Africa,Afghanistan,HE van der Dussen,DA Miller,Mohammad Nabi,1,0,,,,,,,,,
1384433,2023/24,10-11-2023,"Narendra Modi Stadium, Ahmedabad",2,31.5,South Africa,Afghanistan,DA Miller,HE van der Dussen,Mohammad Nabi,1,0,,,,,,,,,
1384433,2023/24,10-11-2023,"Narendra Modi Stadium, Ahmedabad",2,31.6,South Africa,Afghanistan,HE van der Dussen,DA Miller,Mohammad Nabi,0,0,,,,,,,,,
1384433,2023/24,10-11-2023,"Narendra Modi Stadium, Ahmedabad",2,32.1,South Africa,Afghanistan,DA Miller,HE van der Dussen,Mujeeb Ur Rahman,0,0,,,,,,,,,
1384433,2023/24,10-11-2023,"Narendra Modi Stadium, Ahmedabad",2,32.2,South Africa,Afghanistan,DA Miller,HE van der Dussen,Mujeeb Ur Rahman,0,0,,,,,,,,,
1384433,2023/24,10-11-2023,"Narendra Modi Stadium, Ahmedabad",2,32.3,South Africa,Afghanistan,DA Miller,HE van der Dussen,Mujeeb Ur Rahman,1,0,,,,,,,,,
1384433,2023/24,10-11-2023,"Narendra Modi Stadium, Ahmedabad",2,32.4,South Africa,Afghanistan,HE van der Dussen,DA Miller,Mujeeb Ur Rahman,1,0,,,,,,,,,
1384433,2023/24,10-11-2023,"Narendra Modi Stadium, Ahmedabad",2,32.5,South Africa,Afghanistan,DA Miller,HE van der Dussen,Mujeeb Ur Rahman,1,0,,,,,,,,,
1384433,2023/24,10-11-2023,"Narendra Modi Stadium, Ahmedabad",2,32.6,South Africa,Afghanistan,HE van der Dussen,DA Miller,Mujeeb Ur Rahman,1,0,,,,,,,,,
1384433,2023/24,10-11-2023,"Narendra Modi Stadium, Ahmedabad",2,33.1,South Africa,Afghanistan,HE van der Dussen,DA Miller,Mohammad Nabi,0,0,,,,,,,,,
1384433,2023/24,10-11-2023,"Narendra Modi Stadium, Ahmedabad",2,33.2,South Africa,Afghanistan,HE van der Dussen,DA Miller,Mohammad Nabi,0,0,,,,,,,,,
1384433,2023/24,10-11-2023,"Narendra Modi Stadium, Ahmedabad",2,33.3,South Africa,Afghanistan,HE van der Dussen,DA Miller,Mohammad Nabi,0,0,,,,,,,,,
1384433,2023/24,10-11-2023,"Narendra Modi Stadium, Ahmedabad",2,33.4,South Africa,Afghanistan,HE van der Dussen,DA Miller,Mohammad Nabi,0,0,,,,,,,,,
1384433,2023/24,10-11-2023,"Narendra Modi Stadium, Ahmedabad",2,33.5,South Africa,Afghanistan,HE van der Dussen,DA Miller,Mohammad Nabi,0,0,,,,,,,,,
1384433,2023/24,10-11-2023,"Narendra Modi Stadium, Ahmedabad",2,33.6,South Africa,Afghanistan,HE van der Dussen,DA Miller,Mohammad Nabi,1,0,,,,,,,,,
1384433,2023/24,10-11-2023,"Narendra Modi Stadium, Ahmedabad",2,34.1,South Africa,Afghanistan,HE van der Dussen,DA Miller,Rahmat Shah,1,0,,,,,,,,,
1384433,2023/24,10-11-2023,"Narendra Modi Stadium, Ahmedabad",2,34.2,South Africa,Afghanistan,DA Miller,HE van der Dussen,Rahmat Shah,6,0,,,,,,,,,
1384433,2023/24,10-11-2023,"Narendra Modi Stadium, Ahmedabad",2,34.3,South Africa,Afghanistan,DA Miller,HE van der Dussen,Rahmat Shah,1,0,,,,,,,,,
1384433,2023/24,10-11-2023,"Narendra Modi Stadium, Ahmedabad",2,34.4,South Africa,Afghanistan,HE van der Dussen,DA Miller,Rahmat Shah,0,0,,,,,,,,,
1384433,2023/24,10-11-2023,"Narendra Modi Stadium, Ahmedabad",2,34.5,South Africa,Afghanistan,HE van der Dussen,DA Miller,Rahmat Shah,0,0,,,,,,,,,
1384433,2023/24,10-11-2023,"Narendra Modi Stadium, Ahmedabad",2,34.6,South Africa,Afghanistan,HE van der Dussen,DA Miller,Rahmat Shah,4,0,,,,,,,,,
1384433,2023/24,10-11-2023,"Narendra Modi Stadium, Ahmedabad",2,35.1,South Africa,Afghanistan,DA Miller,HE van der Dussen,Rashid Khan,0,0,,,,,,,,,
1384433,2023/24,10-11-2023,"Narendra Modi Stadium, Ahmedabad",2,35.2,South Africa,Afghanistan,DA Miller,HE van der Dussen,Rashid Khan,0,0,,,,,,,,,
1384433,2023/24,10-11-2023,"Narendra Modi Stadium, Ahmedabad",2,35.3,South Africa,Afghanistan,DA Miller,HE van der Dussen,Rashid Khan,0,0,,,,,,,,,
1384433,2023/24,10-11-2023,"Narendra Modi Stadium, Ahmedabad",2,35.4,South Africa,Afghanistan,DA Miller,HE van der Dussen,Rashid Khan,2,0,,,,,,,,,
1384433,2023/24,10-11-2023,"Narendra Modi Stadium, Ahmedabad",2,35.5,South Africa,Afghanistan,DA Miller,HE van der Dussen,Rashid Khan,0,0,,,,,,,,,
1384433,2023/24,10-11-2023,"Narendra Modi Stadium, Ahmedabad",2,35.6,South Africa,Afghanistan,DA Miller,HE van der Dussen,Rashid Khan,1,0,,,,,,,,,
1384433,2023/24,10-11-2023,"Narendra Modi Stadium, Ahmedabad",2,36.1,South Africa,Afghanistan,DA Miller,HE van der Dussen,Noor Ahmad,1,0,,,,,,,,,
1384433,2023/24,10-11-2023,"Narendra Modi Stadium, Ahmedabad",2,36.2,South Africa,Afghanistan,HE van der Dussen,DA Miller,Noor Ahmad,0,0,,,,,,,,,
1384433,2023/24,10-11-2023,"Narendra Modi Stadium, Ahmedabad",2,36.3,South Africa,Afghanistan,HE van der Dussen,DA Miller,Noor Ahmad,0,1,1,,,,,,,,
1384433,2023/24,10-11-2023,"Narendra Modi Stadium, Ahmedabad",2,36.4,South Africa,Afghanistan,HE van der Dussen,DA Miller,Noor Ahmad,0,0,,,,,,,,,
1384433,2023/24,10-11-2023,"Narendra Modi Stadium, Ahmedabad",2,36.5,South Africa,Afghanistan,HE van der Dussen,DA Miller,Noor Ahmad,1,0,,,,,,,,,
1384433,2023/24,10-11-2023,"Narendra Modi Stadium, Ahmedabad",2,36.6,South Africa,Afghanistan,DA Miller,HE van der Dussen,Noor Ahmad,1,0,,,,,,,,,
1384433,2023/24,10-11-2023,"Narendra Modi Stadium, Ahmedabad",2,36.7,South Africa,Afghanistan,HE van der Dussen,DA Miller,Noor Ahmad,0,0,,,,,,,,,
1384433,2023/24,10-11-2023,"Narendra Modi Stadium, Ahmedabad",2,37.1,South Africa,Afghanistan,DA Miller,HE van der Dussen,Mohammad Nabi,0,0,,,,,,caught and bowled,DA Miller,,
1384433,2023/24,10-11-2023,"Narendra Modi Stadium, Ahmedabad",2,37.2,South Africa,Afghanistan,AL Phehlukwayo,HE van der Dussen,Mohammad Nabi,0,0,,,,,,,,,
1384433,2023/24,10-11-2023,"Narendra Modi Stadium, Ahmedabad",2,37.3,South Africa,Afghanistan,AL Phehlukwayo,HE van der Dussen,Mohammad Nabi,1,0,,,,,,,,,
1384433,2023/24,10-11-2023,"Narendra Modi Stadium, Ahmedabad",2,37.4,South Africa,Afghanistan,HE van der Dussen,AL Phehlukwayo,Mohammad Nabi,0,0,,,,,,,,,
1384433,2023/24,10-11-2023,"Narendra Modi Stadium, Ahmedabad",2,37.5,South Africa,Afghanistan,HE van der Dussen,AL Phehlukwayo,Mohammad Nabi,1,0,,,,,,,,,
1384433,2023/24,10-11-2023,"Narendra Modi Stadium, Ahmedabad",2,37.6,South Africa,Afghanistan,AL Phehlukwayo,HE van der Dussen,Mohammad Nabi,0,0,,,,,,,,,
1384433,2023/24,10-11-2023,"Narendra Modi Stadium, Ahmedabad",2,38.1,South Africa,Afghanistan,HE van der Dussen,AL Phehlukwayo,Noor Ahmad,0,0,,,,,,,,,
1384433,2023/24,10-11-2023,"Narendra Modi Stadium, Ahmedabad",2,38.2,South Africa,Afghanistan,HE van der Dussen,AL Phehlukwayo,Noor Ahmad,4,0,,,,,,,,,
1384433,2023/24,10-11-2023,"Narendra Modi Stadium, Ahmedabad",2,38.3,South Africa,Afghanistan,HE van der Dussen,AL Phehlukwayo,Noor Ahmad,0,0,,,,,,,,,
1384433,2023/24,10-11-2023,"Narendra Modi Stadium, Ahmedabad",2,38.4,South Africa,Afghanistan,HE van der Dussen,AL Phehlukwayo,Noor Ahmad,0,0,,,,,,,,,
1384433,2023/24,10-11-2023,"Narendra Modi Stadium, Ahmedabad",2,38.5,South Africa,Afghanistan,HE van der Dussen,AL Phehlukwayo,Noor Ahmad,1,0,,,,,,,,,
1384433,2023/24,10-11-2023,"Narendra Modi Stadium, Ahmedabad",2,38.6,South Africa,Afghanistan,AL Phehlukwayo,HE van der Dussen,Noor Ahmad,1,0,,,,,,,,,
1384433,2023/24,10-11-2023,"Narendra Modi Stadium, Ahmedabad",2,39.1,South Africa,Afghanistan,AL Phehlukwayo,HE van der Dussen,Mohammad Nabi,0,0,,,,,,,,,
1384433,2023/24,10-11-2023,"Narendra Modi Stadium, Ahmedabad",2,39.2,South Africa,Afghanistan,AL Phehlukwayo,HE van der Dussen,Mohammad Nabi,0,0,,,,,,,,,
1384433,2023/24,10-11-2023,"Narendra Modi Stadium, Ahmedabad",2,39.3,South Africa,Afghanistan,AL Phehlukwayo,HE van der Dussen,Mohammad Nabi,1,0,,,,,,,,,
1384433,2023/24,10-11-2023,"Narendra Modi Stadium, Ahmedabad",2,39.4,South Africa,Afghanistan,HE van der Dussen,AL Phehlukwayo,Mohammad Nabi,0,0,,,,,,,,,
1384433,2023/24,10-11-2023,"Narendra Modi Stadium, Ahmedabad",2,39.5,South Africa,Afghanistan,HE van der Dussen,AL Phehlukwayo,Mohammad Nabi,1,0,,,,,,,,,
1384433,2023/24,10-11-2023,"Narendra Modi Stadium, Ahmedabad",2,39.6,South Africa,Afghanistan,AL Phehlukwayo,HE van der Dussen,Mohammad Nabi,0,0,,,,,,,,,
1384433,2023/24,10-11-2023,"Narendra Modi Stadium, Ahmedabad",2,40.1,South Africa,Afghanistan,HE van der Dussen,AL Phehlukwayo,Mujeeb Ur Rahman,1,0,,,,,,,,,
1384433,2023/24,10-11-2023,"Narendra Modi Stadium, Ahmedabad",2,40.2,South Africa,Afghanistan,AL Phehlukwayo,HE van der Dussen,Mujeeb Ur Rahman,0,0,,,,,,,,,
1384433,2023/24,10-11-2023,"Narendra Modi Stadium, Ahmedabad",2,40.3,South Africa,Afghanistan,AL Phehlukwayo,HE van der Dussen,Mujeeb Ur Rahman,0,0,,,,,,,,,
1384433,2023/24,10-11-2023,"Narendra Modi Stadium, Ahmedabad",2,40.4,South Africa,Afghanistan,AL Phehlukwayo,HE van der Dussen,Mujeeb Ur Rahman,0,0,,,,,,,,,
1384433,2023/24,10-11-2023,"Narendra Modi Stadium, Ahmedabad",2,40.5,South Africa,Afghanistan,AL Phehlukwayo,HE van der Dussen,Mujeeb Ur Rahman,0,0,,,,,,,,,
1384433,2023/24,10-11-2023,"Narendra Modi Stadium, Ahmedabad",2,40.6,South Africa,Afghanistan,AL Phehlukwayo,HE van der Dussen,Mujeeb Ur Rahman,0,0,,,,,,,,,
1384433,2023/24,10-11-2023,"Narendra Modi Stadium, Ahmedabad",2,41.1,South Africa,Afghanistan,HE van der Dussen,AL Phehlukwayo,Mohammad Nabi,1,0,,,,,,,,,
1384433,2023/24,10-11-2023,"Narendra Modi Stadium, Ahmedabad",2,41.2,South Africa,Afghanistan,AL Phehlukwayo,HE van der Dussen,Mohammad Nabi,0,0,,,,,,,,,
1384433,2023/24,10-11-2023,"Narendra Modi Stadium, Ahmedabad",2,41.3,South Africa,Afghanistan,AL Phehlukwayo,HE van der Dussen,Mohammad Nabi,1,0,,,,,,,,,
1384433,2023/24,10-11-2023,"Narendra Modi Stadium, Ahmedabad",2,41.4,South Africa,Afghanistan,HE van der Dussen,AL Phehlukwayo,Mohammad Nabi,1,0,,,,,,,,,
1384433,2023/24,10-11-2023,"Narendra Modi Stadium, Ahmedabad",2,41.5,South Africa,Afghanistan,AL Phehlukwayo,HE van der Dussen,Mohammad Nabi,2,0,,,,,,,,,
1384433,2023/24,10-11-2023,"Narendra Modi Stadium, Ahmedabad",2,41.6,South Africa,Afghanistan,AL Phehlukwayo,HE van der Dussen,Mohammad Nabi,0,0,,,,,,,,,
1384433,2023/24,10-11-2023,"Narendra Modi Stadium, Ahmedabad",2,42.1,South Africa,Afghanistan,HE van der Dussen,AL Phehlukwayo,Mujeeb Ur Rahman,0,0,,,,,,,,,
1384433,2023/24,10-11-2023,"Narendra Modi Stadium, Ahmedabad",2,42.2,South Africa,Afghanistan,HE van der Dussen,AL Phehlukwayo,Mujeeb Ur Rahman,1,0,,,,,,,,,
1384433,2023/24,10-11-2023,"Narendra Modi Stadium, Ahmedabad",2,42.3,South Africa,Afghanistan,AL Phehlukwayo,HE van der Dussen,Mujeeb Ur Rahman,2,0,,,,,,,,,
1384433,2023/24,10-11-2023,"Narendra Modi Stadium, Ahmedabad",2,42.4,South Africa,Afghanistan,AL Phehlukwayo,HE van der Dussen,Mujeeb Ur Rahman,1,0,,,,,,,,,
1384433,2023/24,10-11-2023,"Narendra Modi Stadium, Ahmedabad",2,42.5,South Africa,Afghanistan,HE van der Dussen,AL Phehlukwayo,Mujeeb Ur Rahman,0,0,,,,,,,,,
1384433,2023/24,10-11-2023,"Narendra Modi Stadium, Ahmedabad",2,42.6,South Africa,Afghanistan,HE van der Dussen,AL Phehlukwayo,Mujeeb Ur Rahman,1,0,,,,,,,,,
1384433,2023/24,10-11-2023,"Narendra Modi Stadium, Ahmedabad",2,43.1,South Africa,Afghanistan,HE van der Dussen,AL Phehlukwayo,Naveen-ul-Haq,1,0,,,,,,,,,
1384433,2023/24,10-11-2023,"Narendra Modi Stadium, Ahmedabad",2,43.2,South Africa,Afghanistan,AL Phehlukwayo,HE van der Dussen,Naveen-ul-Haq,2,0,,,,,,,,,
1384433,2023/24,10-11-2023,"Narendra Modi Stadium, Ahmedabad",2,43.3,South Africa,Afghanistan,AL Phehlukwayo,HE van der Dussen,Naveen-ul-Haq,0,0,,,,,,,,,
1384433,2023/24,10-11-2023,"Narendra Modi Stadium, Ahmedabad",2,43.4,South Africa,Afghanistan,AL Phehlukwayo,HE van der Dussen,Naveen-ul-Haq,1,0,,,,,,,,,
1384433,2023/24,10-11-2023,"Narendra Modi Stadium, Ahmedabad",2,43.5,South Africa,Afghanistan,HE van der Dussen,AL Phehlukwayo,Naveen-ul-Haq,1,0,,,,,,,,,
1384433,2023/24,10-11-2023,"Narendra Modi Stadium, Ahmedabad",2,43.6,South Africa,Afghanistan,AL Phehlukwayo,HE van der Dussen,Naveen-ul-Haq,0,1,1,,,,,,,,
1384433,2023/24,10-11-2023,"Narendra Modi Stadium, Ahmedabad",2,43.7,South Africa,Afghanistan,AL Phehlukwayo,HE van der Dussen,Naveen-ul-Haq,0,0,,,,,,,,,
1384433,2023/24,10-11-2023,"Narendra Modi Stadium, Ahmedabad",2,44.1,South Africa,Afghanistan,HE van der Dussen,AL Phehlukwayo,Rashid Khan,1,0,,,,,,,,,
1384433,2023/24,10-11-2023,"Narendra Modi Stadium, Ahmedabad",2,44.2,South Africa,Afghanistan,AL Phehlukwayo,HE van der Dussen,Rashid Khan,0,0,,,,,,,,,
1384433,2023/24,10-11-2023,"Narendra Modi Stadium, Ahmedabad",2,44.3,South Africa,Afghanistan,AL Phehlukwayo,HE van der Dussen,Rashid Khan,0,0,,,,,,,,,
1384433,2023/24,10-11-2023,"Narendra Modi Stadium, Ahmedabad",2,44.4,South Africa,Afghanistan,AL Phehlukwayo,HE van der Dussen,Rashid Khan,0,0,,,,,,,,,
1384433,2023/24,10-11-2023,"Narendra Modi Stadium, Ahmedabad",2,44.5,South Africa,Afghanistan,AL Phehlukwayo,HE van der Dussen,Rashid Khan,0,0,,,,,,,,,
1384433,2023/24,10-11-2023,"Narendra Modi Stadium, Ahmedabad",2,44.6,South Africa,Afghanistan,AL Phehlukwayo,HE van der Dussen,Rashid Khan,0,1,1,,,,,,,,
1384433,2023/24,10-11-2023,"Narendra Modi Stadium, Ahmedabad",2,44.7,South Africa,Afghanistan,AL Phehlukwayo,HE van der Dussen,Rashid Khan,1,0,,,,,,,,,
1384433,2023/24,10-11-2023,"Narendra Modi Stadium, Ahmedabad",2,45.1,South Africa,Afghanistan,AL Phehlukwayo,HE van der Dussen,Naveen-ul-Haq,0,0,,,,,,,,,
1384433,2023/24,10-11-2023,"Narendra Modi Stadium, Ahmedabad",2,45.2,South Africa,Afghanistan,AL Phehlukwayo,HE van der Dussen,Naveen-ul-Haq,1,0,,,,,,,,,
1384433,2023/24,10-11-2023,"Narendra Modi Stadium, Ahmedabad",2,45.3,South Africa,Afghanistan,HE van der Dussen,AL Phehlukwayo,Naveen-ul-Haq,1,0,,,,,,,,,
1384433,2023/24,10-11-2023,"Narendra Modi Stadium, Ahmedabad",2,45.4,South Africa,Afghanistan,AL Phehlukwayo,HE van der Dussen,Naveen-ul-Haq,6,0,,,,,,,,,
1384433,2023/24,10-11-2023,"Narendra Modi Stadium, Ahmedabad",2,45.5,South Africa,Afghanistan,AL Phehlukwayo,HE van der Dussen,Naveen-ul-Haq,1,0,,,,,,,,,
1384433,2023/24,10-11-2023,"Narendra Modi Stadium, Ahmedabad",2,45.6,South Africa,Afghanistan,HE van der Dussen,AL Phehlukwayo,Naveen-ul-Haq,1,0,,,,,,,,,
1384433,2023/24,10-11-2023,"Narendra Modi Stadium, Ahmedabad",2,46.1,South Africa,Afghanistan,HE van der Dussen,AL Phehlukwayo,Noor Ahmad,1,0,,,,,,,,,
1384433,2023/24,10-11-2023,"Narendra Modi Stadium, Ahmedabad",2,46.2,South Africa,Afghanistan,AL Phehlukwayo,HE van der Dussen,Noor Ahmad,1,0,,,,,,,,,
1384433,2023/24,10-11-2023,"Narendra Modi Stadium, Ahmedabad",2,46.3,South Africa,Afghanistan,HE van der Dussen,AL Phehlukwayo,Noor Ahmad,2,0,,,,,,,,,
1384433,2023/24,10-11-2023,"Narendra Modi Stadium, Ahmedabad",2,46.4,South Africa,Afghanistan,HE van der Dussen,AL Phehlukwayo,Noor Ahmad,1,0,,,,,,,,,
1384433,2023/24,10-11-2023,"Narendra Modi Stadium, Ahmedabad",2,46.5,South Africa,Afghanistan,AL Phehlukwayo,HE van der Dussen,Noor Ahmad,0,1,1,,,,,,,,
1384433,2023/24,10-11-2023,"Narendra Modi Stadium, Ahmedabad",2,46.6,South Africa,Afghanistan,AL Phehlukwayo,HE van der Dussen,Noor Ahmad,1,0,,,,,,,,,
1384433,2023/24,10-11-2023,"Narendra Modi Stadium, Ahmedabad",2,46.7,South Africa,Afghanistan,HE van der Dussen,AL Phehlukwayo,Noor Ahmad,2,0,,,,,,,,,
1384433,2023/24,10-11-2023,"Narendra Modi Stadium, Ahmedabad",2,47.1,South Africa,Afghanistan,AL Phehlukwayo,HE van der Dussen,Naveen-ul-Haq,6,0,,,,,,,,,
1384433,2023/24,10-11-2023,"Narendra Modi Stadium, Ahmedabad",2,47.2,South Africa,Afghanistan,AL Phehlukwayo,HE van der Dussen,Naveen-ul-Haq,4,0,,,,,,,,,
1384433,2023/24,10-11-2023,"Narendra Modi Stadium, Ahmedabad",2,47.3,South Africa,Afghanistan,AL Phehlukwayo,HE van der Dussen,Naveen-ul-Haq,6,0,,,,,,,,,
